id,title,description,property_type,url,price,predicted_price,address,neighborhood,city,zip_code,latitude,longitude,living_area,rooms,bedrooms,bathrooms,year_built,floor,energy_label,has_balcony,has_garden,is_furnished,has_parking,scraped_at,listed_since,updated_at,is_active,property_age,amenity_score,bedroom_ratio,bathroom_ratio,area_per_room,area_per_bedroom,distance_to_center_km,is_central,neighborhood_avg_price,neighborhood_avg_area,neighborhood_property_count,property_type_house,property_type_studio,property_type_room,energy_label_encoded,price_difference,discount_pct,potential_savings
5007,Driekamerappartement (Bouwnr. 7),Apartment for sale: Driekamerappartement (Bouwnr. 7) 1087 VA Amsterdam [funda],apartment,https://www.funda.nl/en/detail/koop/amsterdam/appartement-driekamerappartement-bouwnr-7/43732543/,470000.0,772864.8278361718,Driekamerappartement (Bouwnr. 7),Zuid,amsterdam,1087 VA,,,73.0,3.0,2.0,1.0,2026.0,2.0,A++,1,0,0,0,2026-05-23 19:40:51.595104+00:00,Log in to view,2026-05-23 19:40:51.595116+00:00,True,0.0,1,0.6666666666666666,0.3333333333333333,24.333333333333332,36.5,3.1470176740040827,0,672188,76.31,84336,0,0,0,7,302864.82783617184,0.3918729600933162,302864.82783617184
5008,Driekamerappartement (Bouwnr. 16),Apartment for sale: Driekamerappartement (Bouwnr. 16) 1087 VA Amsterdam [funda],apartment,https://www.funda.nl/en/detail/koop/amsterdam/appartement-driekamerappartement-bouwnr-16/43732531/,515000.0,829669.5666745745,Driekamerappartement (Bouwnr. 16),Zuid,amsterdam,1087 VA,,,81.0,3.0,2.0,1.0,2026.0,4.0,A++,1,0,0,0,2026-05-23 19:40:51.598572+00:00,Log in to view,2026-05-23 19:40:51.598582+00:00,True,0.0,1,0.6666666666666666,0.3333333333333333,27.0,40.5,3.1470176740040827,0,672188,76.31,84336,0,0,0,7,314669.5666745745,0.3792709523332425,314669.5666745745
4983,Tweekamer appartement (Bouwnr. 13),Apartment for sale: Tweekamer appartement (Bouwnr. 13) 1087 VA Amsterdam [funda],apartment,https://www.funda.nl/en/detail/koop/amsterdam/appartement-tweekamer-appartement-bouwnr-13/43732545/,365000.0,586292.1394358283,Tweekamer appartement (Bouwnr. 13),Zuid,amsterdam,1087 VA,,,58.0,2.0,1.0,1.0,2026.0,3.0,A++,1,0,0,0,2026-05-23 19:40:51.555980+00:00,Log in to view,2026-05-23 19:40:51.555987+00:00,True,0.0,1,0.5,0.5,29.0,58.0,3.1470176740040827,0,672188,76.31,84336,0,0,0,7,221292.1394358283,0.3774434698182569,221292.1394358283
4986,Tweekamer appartement (Bouwnr. 14),Apartment for sale: Tweekamer appartement (Bouwnr. 14) 1087 VA Amsterdam [funda],apartment,https://www.funda.nl/en/detail/koop/amsterdam/appartement-tweekamer-appartement-bouwnr-14/43059420/,365000.0,586292.1394358283,Tweekamer appartement (Bouwnr. 14),Zuid,amsterdam,1087 VA,,,58.0,2.0,1.0,1.0,2026.0,3.0,A++,1,0,0,0,2026-05-23 19:40:51.561511+00:00,Log in to view,2026-05-23 19:40:51.561517+00:00,True,0.0,1,0.5,0.5,29.0,58.0,3.1470176740040827,0,672188,76.31,84336,0,0,0,7,221292.1394358283,0.3774434698182569,221292.1394358283
5001,Tweekamer appartement (Bouwnr. 20),Apartment for sale: Tweekamer appartement (Bouwnr. 20) 1087 VA Amsterdam [funda],apartment,https://www.funda.nl/en/detail/koop/amsterdam/appartement-tweekamer-appartement-bouwnr-20/43732544/,377000.0,595435.5877543892,Tweekamer appartement (Bouwnr. 20),Zuid,amsterdam,1087 VA,,,58.0,2.0,1.0,1.0,2026.0,4.0,A++,1,0,0,1,2026-05-23 19:40:51.584141+00:00,Log in to view,2026-05-23 19:40:51.584148+00:00,True,0.0,2,0.5,0.5,29.0,58.0,3.1470176740040827,0,672188,76.31,84336,0,0,0,7,218435.58775438915,0.3668500711860231,218435.58775438915
4456,Akerpolderstraat 43,Apartment for sale: Akerpolderstraat 43 1066 ET Amsterdam [funda],apartment,https://www.funda.nl/en/detail/koop/amsterdam/appartement-akerpolderstraat-43/43386784/,155000.0,242287.35345998293,Akerpolderstraat 43,Nieuw-West,amsterdam,1066 ET,52.3419849,4.7968041,22.0,1.0,1.0,1.0,1921.0,2.0,G,0,0,0,1,2026-05-23 19:40:49.915922+00:00,Log in to view,2026-05-23 19:40:49.915931+00:00,True,105.0,1,1.0,1.0,22.0,22.0,7.351132222307357,0,419951,78.08,75057,0,0,0,0,87287.35345998293,0.360263762072087,87287.35345998293
5005,Maissonnette (Bouwnr. 3),Apartment for sale: Maissonnette (Bouwnr. 3) 1087 VA Amsterdam [funda],apartment,https://www.funda.nl/en/detail/koop/amsterdam/appartement-maissonnette-bouwnr-3/43732538/,555000.0,858145.9471514288,Maissonnette (Bouwnr. 3),Zuid,amsterdam,1087 VA,,,90.0,4.0,3.0,1.0,2026.0,0.0,A++,1,0,0,0,2026-05-23 19:40:51.590141+00:00,Log in to view,2026-05-23 19:40:51.590151+00:00,True,0.0,1,0.75,0.25,22.5,30.0,3.1470176740040827,0,672188,76.31,84336,0,0,0,7,303145.9471514288,0.3532568651727671,303145.9471514288
4522,Olympiaplein 103-1,Apartment for sale: Olympiaplein 103-1 1077 CT Amsterdam [funda],apartment,https://www.funda.nl/en/detail/koop/amsterdam/appartement-olympiaplein-103-1/43300591/,739000.0,1125751.846499,Olympiaplein 103-1,Zuid,amsterdam,1077 CT,52.3464202,4.8687152,125.0,5.0,3.0,1.0,1940.0,1.0,G,1,0,0,1,2026-05-23 19:40:50.150840+00:00,Log in to view,2026-05-23 19:40:50.150851+00:00,True,86.0,2,0.6,0.2,25.0,41.666666666666664,3.364824256035136,0,672188,76.31,84336,0,0,0,0,386751.846499,0.34354982201607565,386751.846499
5023,Voetboogstraat 12-1,Apartment for sale: Voetboogstraat 12-1 1012 XL Amsterdam [funda],apartment,https://www.funda.nl/en/detail/koop/amsterdam/appartement-voetboogstraat-12-1/43285419/,695000.0,1044196.5124489795,Voetboogstraat 12-1,Centrum,amsterdam,1012 XL,52.3681747,4.890647,123.0,6.0,4.0,1.0,1783.0,1.0,A,0,0,0,0,2026-05-23 19:40:51.628125+00:00,Log in to view,2026-05-23 19:40:51.628132+00:00,True,243.0,0,0.6666666666666666,0.16666666666666666,20.5,30.75,0.5495893634381287,1,647612,71.4,57168,0,0,0,5,349196.51244897954,0.33441647073691183,349196.51244897954
4794,Monnikenstraat 23-1,Apartment for sale: Monnikenstraat 23-1 1012 BP Amsterdam [funda],apartment,https://www.funda.nl/en/detail/koop/amsterdam/appartement-monnikenstraat-23-1/43239327/,200000.0,297613.5949746128,Monnikenstraat 23-1,Centrum,amsterdam,1012 BP,52.3731383,4.8998721,26.0,1.0,1.0,1.0,1906.0,0.0,A,0,0,0,1,2026-05-23 19:40:51.179646+00:00,Log in to view,2026-05-23 19:40:51.179654+00:00,True,120.0,1,1.0,1.0,26.0,26.0,0.5074873860793748,1,647612,71.4,57168,0,0,0,5,97613.59497461282,0.32798768813951357,97613.59497461282
4644,Van Houweningenstraat 62-2,Apartment for sale: Van Houweningenstraat 62-2 1052 TP Amsterdam [funda],apartment,https://www.funda.nl/en/detail/koop/amsterdam/appartement-van-houweningenstraat-62-2/43223546/,425000.0,612674.3146903852,Van Houweningenstraat 62-2,West,amsterdam,1052 TP,52.3732667,4.8707363,62.0,3.0,2.0,1.0,1897.0,0.0,C,0,0,0,1,2026-05-23 19:40:50.678127+00:00,Log in to view,2026-05-23 19:40:50.678138+00:00,True,129.0,1,0.6666666666666666,0.3333333333333333,20.666666666666668,31.0,1.4709684784151336,1,515586,64.19,84063,0,0,0,3,187674.31469038525,0.3063198671633989,187674.31469038525
4753,Coöperatiehof 15-1,Apartment for sale: Coöperatiehof 15-1 1073 JP Amsterdam [funda],apartment,https://www.funda.nl/en/detail/koop/amsterdam/appartement-cooperatiehof-15-1/43386796/,600000.0,847059.0538452755,Coöperatiehof 15-1,Zuid,amsterdam,1073 JP,52.3506469,4.8988568,102.0,3.0,2.0,1.0,1928.0,1.0,F,1,0,1,1,2026-05-23 19:40:51.059860+00:00,Log in to view,2026-05-23 19:40:51.059871+00:00,True,98.0,3,0.6666666666666666,0.3333333333333333,34.0,51.0,2.523924657209079,0,672188,76.31,84336,0,0,0,0,247059.05384527554,0.291666859262924,247059.05384527554
5167,J.J. Cremerplein 1-H,Apartment for sale: J.J. Cremerplein 1-H 1054 TE Amsterdam [funda],apartment,https://www.funda.nl/en/detail/koop/amsterdam/appartement-jj-cremerplein-1-h/43264503/,385000.0,522365.08678190684,J.J. Cremerplein 1-H,West,amsterdam,1054 TE,52.3594113,4.8594769,59.0,2.0,1.0,1.0,1912.0,0.0,D,0,1,0,1,2026-05-23 19:40:51.949610+00:00,Log in to view,2026-05-23 19:40:51.949619+00:00,True,114.0,2,0.5,0.5,29.5,59.0,2.698152381831758,0,515586,64.19,84063,0,0,0,2,137365.08678190684,0.2629675877232934,137365.08678190684
4867,Bos en Lommerweg 281-1,Apartment for sale: Bos en Lommerweg 281-1 1055 DX Amsterdam [funda],apartment,https://www.funda.nl/en/detail/koop/amsterdam/appartement-bos-en-lommerweg-281-1/43371534/,450000.0,607282.0160213432,Bos en Lommerweg 281-1,West,amsterdam,1055 DX,52.378485,4.8497915,75.0,5.0,3.0,1.0,1940.0,2.0,D,1,0,0,1,2026-05-23 19:40:51.338793+00:00,Log in to view,2026-05-23 19:40:51.338802+00:00,True,86.0,2,0.6,0.2,15.0,25.0,2.9559695698926793,0,515586,64.19,84063,0,0,0,2,157282.01602134318,0.25899337024960645,157282.01602134318
4907,Onstein 188,Apartment for sale: Onstein 188 1082 KN Amsterdam [funda],apartment,https://www.funda.nl/en/detail/koop/amsterdam/appartement-onstein-188/43183988/,750000.0,997524.7747196478,Onstein 188,Zuid,amsterdam,1082 KN,52.3297688,4.8693791,135.0,4.0,3.0,2.0,1971.0,2.0,G,1,0,0,1,2026-05-23 19:40:51.401941+00:00,Log in to view,2026-05-23 19:40:51.401948+00:00,True,55.0,2,0.75,0.5,33.75,45.0,5.054985589834659,0,672188,76.31,84336,0,0,0,0,247524.77471964783,0.24813897458257528,247524.77471964783
5121,Driekamerappartement (Bouwnr. 2.1),Apartment for sale: Driekamerappartement (Bouwnr. 2.1) 1087 VL Amsterdam [funda],apartment,https://www.funda.nl/en/detail/koop/amsterdam/appartement-driekamerappartement-bouwnr-21/43395772/,340200.0,452128.14035389473,Driekamerappartement (Bouwnr. 2.1),Zuid,amsterdam,1087 VL,,,54.0,3.0,2.0,1.0,1974.0,3.0,A++,0,1,0,1,2026-05-23 19:40:51.857913+00:00,Log in to view,2026-05-23 19:40:51.857922+00:00,True,52.0,2,0.6666666666666666,0.3333333333333333,18.0,27.0,3.1470176740040827,0,672188,76.31,84336,0,0,0,7,111928.14035389473,0.2475584471833253,111928.14035389473
4605,De Wittenstraat 74-1,Apartment for sale: De Wittenstraat 74-1 1052 BA Amsterdam [funda],apartment,https://www.funda.nl/en/detail/koop/amsterdam/appartement-de-wittenstraat-74-1/43365504/,365000.0,483094.44780512084,De Wittenstraat 74-1,West,amsterdam,1052 BA,52.3833039,4.8786097,50.0,3.0,2.0,1.0,1906.0,1.0,D,1,0,0,1,2026-05-23 19:40:50.549449+00:00,Log in to view,2026-05-23 19:40:50.549464+00:00,True,120.0,2,0.6666666666666666,0.3333333333333333,16.666666666666668,25.0,1.4795081301036872,1,515586,64.19,84063,0,0,0,2,118094.44780512084,0.24445416075814613,118094.44780512084
4472,Haarlemmer Houttuinen 285,House for sale: Haarlemmer Houttuinen 285 1013 GM Amsterdam [funda],house,https://www.funda.nl/en/detail/koop/amsterdam/huis-haarlemmer-houttuinen-285/43387730/,400000.0,528741.4271852551,Haarlemmer Houttuinen 285,Centrum,amsterdam,1013 GM,52.3822887,4.889299,55.0,2.0,1.0,1.0,1905.0,3.0,D,0,1,0,1,2026-05-23 19:40:49.953036+00:00,Log in to view,2026-05-23 19:40:49.953046+00:00,True,121.0,2,0.5,0.5,27.5,55.0,1.0540872449668592,1,647612,71.4,57168,1,0,0,2,128741.4271852551,0.24348655234110864,128741.4271852551
4398,Sleutelbloemstraat 73-1,Apartment for sale: Sleutelbloemstraat 73-1 1031 AL Amsterdam [funda],apartment,https://www.funda.nl/en/detail/koop/amsterdam/appartement-sleutelbloemstraat-73-1/43392449/,339000.0,446993.4250439505,Sleutelbloemstraat 73-1,Noord,amsterdam,1031 AL,52.3907627,4.9130466,63.0,3.0,2.0,1.0,1925.0,1.0,C,1,0,0,1,2026-05-23 19:40:49.675411+00:00,Log in to view,2026-05-23 19:40:49.675423+00:00,True,101.0,2,0.6666666666666666,0.3333333333333333,21.0,31.5,2.4217502329589053,0,463766,75.37,52528,0,0,0,3,107993.4250439505,0.24159958288722497,107993.4250439505
5085,Realengracht 124,Apartment for sale: Realengracht 124 1013 KW Amsterdam [funda],apartment,https://www.funda.nl/en/detail/koop/amsterdam/appartement-realengracht-124/43379382/,495000.0,652293.5318393568,Realengracht 124,Centrum,amsterdam,1013 KW,52.3876838,4.888496,76.0,2.0,1.0,1.0,1981.0,3.0,C,0,1,0,1,2026-05-23 19:40:51.754338+00:00,Log in to view,2026-05-23 19:40:51.754345+00:00,True,45.0,2,0.5,0.5,38.0,76.0,1.6541268280371018,1,647612,71.4,57168,0,0,0,3,157293.53183935676,0.241139186825624,157293.53183935676
4890,Jodenbreestraat 112,Apartment for sale: Jodenbreestraat 112 1011 NS Amsterdam [funda],apartment,https://www.funda.nl/en/detail/koop/amsterdam/appartement-jodenbreestraat-112/43227498/,785000.0,1028871.9683705486,Jodenbreestraat 112,Centrum,amsterdam,1011 NS,52.3687811,4.9025771,120.0,5.0,4.0,2.0,1966.0,3.0,B,1,0,0,0,2026-05-23 19:40:51.376817+00:00,Log in to view,2026-05-23 19:40:51.376825+00:00,True,60.0,1,0.8,0.4,24.0,30.0,0.8351323301713421,1,647612,71.4,57168,0,0,0,4,243871.96837054857,0.23702848932387086,243871.96837054857
4399,Sleutelbloemstraat 75,Apartment for sale: Sleutelbloemstraat 75 1031 AL Amsterdam [funda],apartment,https://www.funda.nl/en/detail/koop/amsterdam/appartement-sleutelbloemstraat-75/43392445/,339000.0,442157.31099375244,Sleutelbloemstraat 75,Noord,amsterdam,1031 AL,52.390781,4.9131199,63.0,3.0,2.0,1.0,1925.0,1.0,C,1,0,0,1,2026-05-23 19:40:49.678137+00:00,Log in to view,2026-05-23 19:40:49.678149+00:00,True,101.0,2,0.6666666666666666,0.3333333333333333,21.0,31.5,2.426290192614546,0,463766,75.37,52528,0,0,0,3,103157.31099375244,0.2333045466598878,103157.31099375244
4691,Silvoldestraat 86,House for sale: Silvoldestraat 86 1107 TH Amsterdam [funda],house,https://www.funda.nl/en/detail/koop/amsterdam/huis-silvoldestraat-86/89780504/,385000.0,501123.7463710937,Silvoldestraat 86,Zuidoost,amsterdam,1107 TH,52.2904417,4.9703858,95.0,4.0,3.0,1.0,1983.0,3.0,A,0,1,1,1,2026-05-23 19:40:50.885122+00:00,Log in to view,2026-05-23 19:40:50.885132+00:00,True,43.0,3,0.75,0.25,23.75,31.666666666666668,10.599734233553145,0,310870,74.96,44947,1,0,0,5,116123.74637109367,0.2317266886911828,116123.74637109367
4885,Lange Leidsedwarsstraat 9-C,Apartment for sale: Lange Leidsedwarsstraat 9-C 1017 NE Amsterdam [funda],apartment,https://www.funda.nl/en/detail/koop/amsterdam/appartement-lange-leidsedwarsstraat-9-c/43255063/,839000.0,1087722.9203344744,Lange Leidsedwarsstraat 9-C,Centrum,amsterdam,1017 NE,52.364551,4.8838605,123.0,6.0,4.0,2.0,1902.0,3.0,D,1,0,1,1,2026-05-23 19:40:51.368553+00:00,Log in to view,2026-05-23 19:40:51.368560+00:00,True,124.0,3,0.6666666666666666,0.3333333333333333,20.5,30.75,1.103979248293058,1,647612,71.4,57168,0,0,0,2,248722.92033447442,0.2286638588602989,248722.92033447442
4748,Van Oldenbarneveldtstraat 84-H,Apartment for sale: Van Oldenbarneveldtstraat 84-H 1052 KG Amsterdam [funda],apartment,https://www.funda.nl/en/detail/koop/amsterdam/appartement-van-oldenbarneveldtstraat-84-h/89745759/,750000.0,972208.3968604655,Van Oldenbarneveldtstraat 84-H,West,amsterdam,1052 KG,52.3742593,4.8737346,108.0,4.0,3.0,1.0,1893.0,3.0,A,0,1,0,1,2026-05-23 19:40:51.047517+00:00,Log in to view,2026-05-23 19:40:51.047526+00:00,True,133.0,2,0.75,0.25,27.0,36.0,1.2748253444279825,1,515586,64.19,84063,0,0,0,5,222208.39686046552,0.22856045841410028,222208.39686046552
4811,Jan Boterenbroodstraat 28,Apartment for sale: Jan Boterenbroodstraat 28 1019 GH Amsterdam [funda],apartment,https://www.funda.nl/en/detail/koop/amsterdam/appartement-jan-boterenbroodstraat-28/43210375/,415000.0,535281.8358876832,Jan Boterenbroodstraat 28,Oost,amsterdam,1019 GH,52.3677656,4.9438179,61.0,3.0,2.0,1.0,1988.0,0.0,B,0,1,0,1,2026-05-23 19:40:51.228250+00:00,Log in to view,2026-05-23 19:40:51.228260+00:00,True,38.0,2,0.6666666666666666,0.3333333333333333,20.333333333333332,30.5,3.5389814571850313,0,553018,75.73,77556,0,0,0,4,120281.8358876832,0.22470748645564284,120281.8358876832
4840,Zuideinde 343,House for sale: Zuideinde 343 1035 PD Amsterdam [funda],house,https://www.funda.nl/en/detail/koop/amsterdam/huis-zuideinde-343/43360109/,550000.0,705310.6462867737,Zuideinde 343,Noord,amsterdam,1035 PD,52.4233833,4.8899987,97.0,4.0,3.0,1.0,1912.0,3.0,C,0,1,1,1,2026-05-23 19:40:51.295941+00:00,Log in to view,2026-05-23 19:40:51.295948+00:00,True,114.0,3,0.75,0.25,24.25,32.333333333333336,5.604735835620965,0,463766,75.37,52528,1,0,0,3,155310.64628677373,0.22020176088994642,155310.64628677373
4780,Balboastraat 11,Apartment for sale: Balboastraat 11 1057 VS Amsterdam [funda],apartment,https://www.funda.nl/en/detail/koop/amsterdam/appartement-balboastraat-11/43361734/,499000.0,637507.4645347709,Balboastraat 11,West,amsterdam,1057 VS,52.3689971,4.8544582,76.0,4.0,3.0,1.0,1974.0,0.0,B,0,1,0,1,2026-05-23 19:40:51.145040+00:00,Log in to view,2026-05-23 19:40:51.145049+00:00,True,52.0,2,0.75,0.25,19.0,25.333333333333332,2.6140282572498017,0,515586,64.19,84063,0,0,0,4,138507.46453477093,0.2172640670738632,138507.46453477093
4393,Gentiaanplein 26,Apartment for sale: Gentiaanplein 26 1031 AV Amsterdam [funda],apartment,https://www.funda.nl/en/detail/koop/amsterdam/appartement-gentiaanplein-26/43389919/,350000.0,446993.4250439505,Gentiaanplein 26,Noord,amsterdam,1031 AV,52.3904407,4.9134173,63.0,3.0,2.0,1.0,1925.0,1.0,C,1,0,0,1,2026-05-23 19:40:49.647436+00:00,Log in to view,2026-05-23 19:40:49.647467+00:00,True,101.0,2,0.6666666666666666,0.3333333333333333,21.0,31.5,2.407464124919759,0,463766,75.37,52528,0,0,0,3,96993.4250439505,0.21699071979507004,96993.4250439505
4493,Mary van der Sluisstraat 428,Apartment for sale: Mary van der Sluisstraat 428 1095 ME Amsterdam [funda],apartment,https://www.funda.nl/en/detail/koop/amsterdam/appartement-mary-van-der-sluisstraat-428/89778368/,350000.0,445671.110718179,Mary van der Sluisstraat 428,Oost,amsterdam,1095 ME,52.3749457,4.9637286,50.0,2.0,1.0,1.0,2016.0,1.0,A+,0,0,0,1,2026-05-23 19:40:50.010288+00:00,Log in to view,2026-05-23 19:40:50.010300+00:00,True,10.0,1,0.5,0.5,25.0,50.0,4.846977049564645,0,553018,75.73,77556,0,0,0,6,95671.11071817903,0.21466751695888325,95671.11071817903
4970,Keizerrijk 13-A,Apartment for sale: Keizerrijk 13-A 1012 VM Amsterdam [funda],apartment,https://www.funda.nl/en/detail/koop/amsterdam/appartement-keizerrijk-13-a/43265409/,555000.0,704485.1171605662,Keizerrijk 13-A,Centrum,amsterdam,1012 VM,52.3718466,4.8896661,78.0,3.0,2.0,1.0,1906.0,1.0,D,0,0,0,1,2026-05-23 19:40:51.536503+00:00,Log in to view,2026-05-23 19:40:51.536511+00:00,True,120.0,1,0.6666666666666666,0.3333333333333333,26.0,39.0,0.22559932821299986,1,647612,71.4,57168,0,0,0,2,149485.11716056615,0.21219059639338772,149485.11716056615
4559,Blankenstraat 276,Apartment for sale: Blankenstraat 276 1018 SJ Amsterdam [funda],apartment,https://www.funda.nl/en/detail/koop/amsterdam/appartement-blankenstraat-276/43389628/,300000.0,380572.67256383155,Blankenstraat 276,Centrum,amsterdam,1018 SJ,52.3698882,4.9300973,37.0,2.0,1.0,1.0,1905.0,2.0,B,0,0,0,1,2026-05-23 19:40:50.338493+00:00,Log in to view,2026-05-23 19:40:50.338505+00:00,True,121.0,1,0.5,0.5,18.5,37.0,2.582515288020709,0,647612,71.4,57168,0,0,0,4,80572.67256383155,0.21171428841969073,80572.67256383155
4611,Insulindeweg 60-H,Apartment for sale: Insulindeweg 60-H 1094 PN Amsterdam [funda],apartment,https://www.funda.nl/en/detail/koop/amsterdam/appartement-insulindeweg-60-h/89720779/,400000.0,507219.6186253096,Insulindeweg 60-H,Oost,amsterdam,1094 PN,52.3609427,4.934344,68.0,3.0,2.0,1.0,1984.0,2.0,B,1,1,0,1,2026-05-23 19:40:50.577635+00:00,Log in to view,2026-05-23 19:40:50.577662+00:00,True,42.0,3,0.6666666666666666,0.3333333333333333,22.666666666666668,34.0,3.14763345052072,0,553018,75.73,77556,0,0,0,4,107219.61862530961,0.21138697063000292,107219.61862530961
4371,Joost Bilhamerstraat 17,House for sale: Joost Bilhamerstraat 17 1067 AX Amsterdam [funda],house,https://www.funda.nl/en/detail/koop/amsterdam/huis-joost-bilhamerstraat-17/89593891/,595000.0,753573.1026431907,Joost Bilhamerstraat 17,Nieuw-West,amsterdam,1067 AX,52.3831652,4.7982534,125.0,5.0,3.0,1.0,1974.0,3.0,C,0,1,0,1,2026-05-23 19:40:49.532102+00:00,Log in to view,2026-05-23 19:40:49.532131+00:00,True,52.0,2,0.6,0.2,25.0,41.666666666666664,6.48974412802608,0,419951,78.08,75057,1,0,0,3,158573.10264319065,0.21042829433135093,158573.10264319065
4355,Van Beuningenstraat 5-C,Apartment for sale: Van Beuningenstraat 5-C 1051 XC Amsterdam [funda],apartment,https://www.funda.nl/en/detail/koop/amsterdam/appartement-van-beuningenstraat-5-c/43243889/,535000.0,675611.0202599802,Van Beuningenstraat 5-C,West,amsterdam,1051 XC,52.3851664,4.8789997,73.0,3.0,2.0,1.0,1980.0,3.0,A,1,0,0,1,2026-05-23 19:40:49.429921+00:00,Log in to view,2026-05-23 19:40:49.429943+00:00,True,46.0,2,0.6666666666666666,0.3333333333333333,24.333333333333332,36.5,1.6301864405597444,1,515586,64.19,84063,0,0,0,5,140611.02025998023,0.20812422539506836,140611.02025998023
4930,Tjasker 1,Apartment for sale: Tjasker 1 1035 CP Amsterdam [funda],apartment,https://www.funda.nl/en/detail/koop/amsterdam/appartement-tjasker-1/43379427/,325000.0,410222.35156220914,Tjasker 1,Noord,amsterdam,1035 CP,52.417169,4.8912444,95.0,4.0,3.0,1.0,1968.0,3.0,G,1,0,0,1,2026-05-23 19:40:51.470547+00:00,Log in to view,2026-05-23 19:40:51.470557+00:00,True,58.0,2,0.75,0.25,23.75,31.666666666666668,4.911994590212248,0,463766,75.37,52528,0,0,0,0,85222.35156220914,0.20774672866474803,85222.35156220914
4372,Van der Hoopstraat 49-F,Apartment for sale: Van der Hoopstraat 49-F 1051 VB Amsterdam [funda],apartment,https://www.funda.nl/en/detail/koop/amsterdam/appartement-van-der-hoopstraat-49-f/43107583/,550000.0,691746.7481999954,Van der Hoopstraat 49-F,West,amsterdam,1051 VB,52.384292,4.8738957,74.0,3.0,2.0,1.0,1903.0,3.0,B,1,0,0,1,2026-05-23 19:40:49.539115+00:00,Log in to view,2026-05-23 19:40:49.539131+00:00,True,123.0,2,0.6666666666666666,0.3333333333333333,24.666666666666668,37.0,1.776001716914476,1,515586,64.19,84063,0,0,0,4,141746.74819999537,0.20491133289579852,141746.74819999537
4495,Bilderdijkkade 103-3,Apartment for sale: Bilderdijkkade 103-3 1053 VM Amsterdam [funda],apartment,https://www.funda.nl/en/detail/koop/amsterdam/appartement-bilderdijkkade-103-3/89778649/,479000.0,600607.6712559108,Bilderdijkkade 103-3,West,amsterdam,1053 VM,52.3660412,4.8718471,65.0,2.0,2.0,1.0,1888.0,3.0,A,0,0,0,1,2026-05-23 19:40:50.014052+00:00,Log in to view,2026-05-23 19:40:50.014062+00:00,True,138.0,1,1.0,0.5,32.5,32.5,1.5955604789758226,1,515586,64.19,84063,0,0,0,5,121607.67125591077,0.20247438898277972,121607.67125591077
4815,Amstelkade 77-1,Apartment for sale: Amstelkade 77-1 1078 AM Amsterdam [funda],apartment,https://www.funda.nl/en/detail/koop/amsterdam/appartement-amstelkade-77-1/43236007/,400000.0,497373.82612652413,Amstelkade 77-1,Zuid,amsterdam,1078 AM,52.3479765,4.898622,56.0,3.0,2.0,1.0,1924.0,1.0,C,1,0,0,1,2026-05-23 19:40:51.237675+00:00,Log in to view,2026-05-23 19:40:51.237684+00:00,True,102.0,2,0.6666666666666666,0.3333333333333333,18.666666666666668,28.0,2.8143816762058558,0,672188,76.31,84336,0,0,0,3,97373.82612652413,0.19577593554702605,97373.82612652413
4631,Koningsstraat 52-2,Apartment for sale: Koningsstraat 52-2 1011 EW Amsterdam [funda],apartment,https://www.funda.nl/en/detail/koop/amsterdam/appartement-koningsstraat-52-2/89694717/,375000.0,463997.8593691468,Koningsstraat 52-2,Centrum,amsterdam,1011 EW,52.3721052,4.902145,42.0,2.0,1.0,1.0,1770.0,3.0,C,0,0,0,1,2026-05-23 19:40:50.630111+00:00,Log in to view,2026-05-23 19:40:50.630140+00:00,True,256.0,1,0.5,0.5,21.0,42.0,0.669001410203809,1,647612,71.4,57168,0,0,0,3,88997.85936914681,0.19180661628514542,88997.85936914681
4667,Leerdamhof 286,Apartment for sale: Leerdamhof 286 1108 CA Amsterdam [funda],apartment,https://www.funda.nl/en/detail/koop/amsterdam/appartement-leerdamhof-286/43278663/,285000.0,352620.96003773337,Leerdamhof 286,Zuidoost,amsterdam,1108 CA,52.306281,4.9763076,73.0,3.0,2.0,1.0,1979.0,0.0,B,0,1,0,1,2026-05-23 19:40:50.781685+00:00,Log in to view,2026-05-23 19:40:50.781696+00:00,True,47.0,2,0.6666666666666666,0.3333333333333333,24.333333333333332,36.5,9.355985902802013,0,310870,74.96,44947,0,0,0,4,67620.96003773337,0.19176670618359545,67620.96003773337
4285,Droogbak 6-D,Apartment for sale: Droogbak 6-D 1013 GE Amsterdam [funda],apartment,https://www.funda.nl/en/detail/koop/amsterdam/appartement-droogbak-6-d/43396599/,790000.0,974262.7947255503,Droogbak 6-D,Centrum,amsterdam,1013 GE,52.3798628,4.8938646,101.0,4.0,3.0,1.0,1750.0,3.0,D,1,1,0,1,2026-05-23 19:40:49.021314+00:00,Log in to view,2026-05-23 19:40:49.021325+00:00,True,276.0,3,0.75,0.25,25.25,33.666666666666664,0.7695575156967918,1,647612,71.4,57168,0,0,0,2,184262.79472555034,0.18913048483746844,184262.79472555034
4771,Maasstraat 24-1,Apartment for sale: Maasstraat 24-1 1078 HK Amsterdam [funda],apartment,https://www.funda.nl/en/detail/koop/amsterdam/appartement-maasstraat-24-1/43364262/,650000.0,798997.5118613709,Maasstraat 24-1,Zuid,amsterdam,1078 HK,52.3464868,4.8948227,93.0,3.0,2.0,1.0,1928.0,1.0,C,1,0,0,1,2026-05-23 19:40:51.114247+00:00,Log in to view,2026-05-23 19:40:51.114257+00:00,True,98.0,2,0.6666666666666666,0.3333333333333333,31.0,46.5,2.952720158439149,0,672188,76.31,84336,0,0,0,3,148997.51186137088,0.18648057052676092,148997.51186137088
4390,Gentiaanplein 24-1,Apartment for sale: Gentiaanplein 24-1 1031 AV Amsterdam [funda],apartment,https://www.funda.nl/en/detail/koop/amsterdam/appartement-gentiaanplein-24-1/43389996/,350000.0,430227.8701051693,Gentiaanplein 24-1,Noord,amsterdam,1031 AV,52.3904318,4.9134615,63.0,3.0,2.0,1.0,1925.0,1.0,D,1,0,0,1,2026-05-23 19:40:49.634707+00:00,Log in to view,2026-05-23 19:40:49.634717+00:00,True,101.0,2,0.6666666666666666,0.3333333333333333,21.0,31.5,2.4084464939912706,0,463766,75.37,52528,0,0,0,2,80227.8701051693,0.18647762192988004,80227.8701051693
4721,Nieuwe Achtergracht 81-1,Apartment for sale: Nieuwe Achtergracht 81-1 1018 WN Amsterdam [funda],apartment,https://www.funda.nl/en/detail/koop/amsterdam/appartement-nieuwe-achtergracht-81-1/43309304/,475000.0,583485.4524165113,Nieuwe Achtergracht 81-1,Centrum,amsterdam,1018 WN,52.3629652,4.9089247,56.0,3.0,2.0,1.0,1906.0,1.0,B,1,1,0,1,2026-05-23 19:40:50.988111+00:00,Log in to view,2026-05-23 19:40:50.988137+00:00,True,120.0,3,0.6666666666666666,0.3333333333333333,18.666666666666668,28.0,1.5823349697175926,1,647612,71.4,57168,0,0,0,4,108485.45241651125,0.18592657617635125,108485.45241651125
4806,Haarlemmerdijk 30-4,Apartment for sale: Haarlemmerdijk 30-4 1013 JD Amsterdam [funda],apartment,https://www.funda.nl/en/detail/koop/amsterdam/appartement-haarlemmerdijk-30-4/43220601/,389000.0,477786.69336094626,Haarlemmerdijk 30-4,Centrum,amsterdam,1013 JD,52.3820473,4.888521,42.0,2.0,1.0,1.0,1865.0,4.0,C,0,1,0,1,2026-05-23 19:40:51.209593+00:00,Log in to view,2026-05-23 19:40:51.209604+00:00,True,161.0,2,0.5,0.5,21.0,42.0,1.0399006656954393,1,647612,71.4,57168,0,0,0,3,88786.69336094626,0.18582914634224004,88786.69336094626
5104,Vierkamer hoekappartement (Bouwnr. 8),Apartment for sale: Vierkamer hoekappartement (Bouwnr. 8) 1087 VA Amsterdam [funda],apartment,https://www.funda.nl/en/detail/koop/amsterdam/appartement-vierkamer-hoekappartement-bouwnr-8/43732551/,670000.0,822879.4001525473,Vierkamer hoekappartement (Bouwnr. 8),Zuid,amsterdam,1087 VA,,,103.0,4.0,3.0,1.0,2026.0,2.0,A++,1,0,0,1,2026-05-23 19:40:51.810664+00:00,Log in to view,2026-05-23 19:40:51.810675+00:00,True,0.0,2,0.75,0.25,25.75,34.333333333333336,3.1470176740040827,0,672188,76.31,84336,0,0,0,7,152879.40015254728,0.18578591240005055,152879.40015254728
4658,Bos en Lommerweg 165-C,Apartment for sale: Bos en Lommerweg 165-C 1055 DS Amsterdam [funda],apartment,https://www.funda.nl/en/detail/koop/amsterdam/appartement-bos-en-lommerweg-165-c/43201042/,450000.0,551508.3009435342,Bos en Lommerweg 165-C,West,amsterdam,1055 DS,52.3809367,4.855402,70.0,3.0,2.0,1.0,1934.0,3.0,C,1,1,0,1,2026-05-23 19:40:50.738464+00:00,Log in to view,2026-05-23 19:40:50.738495+00:00,True,92.0,3,0.6666666666666666,0.3333333333333333,23.333333333333332,35.0,2.6619877875014373,0,515586,64.19,84063,0,0,0,3,101508.30094353424,0.18405579892427965,101508.30094353424
4507,Bilderdijkkade 103-2,Apartment for sale: Bilderdijkkade 103-2 1053 VM Amsterdam [funda],apartment,https://www.funda.nl/en/detail/koop/amsterdam/appartement-bilderdijkkade-103-2/89778638/,305000.0,373699.16553528875,Bilderdijkkade 103-2,West,amsterdam,1053 VM,52.3660182,4.8718338,36.0,2.0,1.0,1.0,1888.0,2.0,A,0,0,0,1,2026-05-23 19:40:50.063163+00:00,Log in to view,2026-05-23 19:40:50.063191+00:00,True,138.0,1,0.5,0.5,18.0,36.0,1.5975917599834282,1,515586,64.19,84063,0,0,0,5,68699.16553528875,0.18383548016994816,68699.16553528875
4515,Albert Luthulistraat 25-C,Apartment for sale: Albert Luthulistraat 25-C 1091 NS Amsterdam [funda],apartment,https://www.funda.nl/en/detail/koop/amsterdam/appartement-albert-luthulistraat-25-c/89779650/,300000.0,366411.1639042077,Albert Luthulistraat 25-C,Oost,amsterdam,1091 NS,52.3526804,4.9194567,38.0,2.0,1.0,1.0,1930.0,3.0,C,1,0,0,1,2026-05-23 19:40:50.115069+00:00,Log in to view,2026-05-23 19:40:50.115079+00:00,True,96.0,2,0.5,0.5,19.0,38.0,2.912110627940827,0,553018,75.73,77556,0,0,0,3,66411.1639042077,0.18124765412870944,66411.1639042077
5185,De Oosterlingen (bouwnummer 7.92),Apartment for sale: De Oosterlingen (bouwnummer 7.92) 1018 CA Amsterdam [funda],apartment,https://www.funda.nl/en/detail/koop/amsterdam/appartement-de-oosterlingen-bouwnummer-792/42287866/,705000.0,859860.3271687806,De Oosterlingen (bouwnummer 7.92),Centrum,amsterdam,1018 CA,,,78.0,3.0,2.0,1.0,2020.0,3.0,A++,1,1,0,0,2026-05-23 19:40:51.993252+00:00,Log in to view,2026-05-23 19:40:51.993263+00:00,True,6.0,2,0.6666666666666666,0.3333333333333333,26.0,39.0,3.1470176740040827,0,647612,71.4,57168,0,0,0,7,154860.3271687806,0.18009939786230342,154860.3271687806
4543,Merckenburg 30,Apartment for sale: Merckenburg 30 1082 BT Amsterdam [funda],apartment,https://www.funda.nl/en/detail/koop/amsterdam/appartement-merckenburg-30/89752303/,445000.0,540463.3018694153,Merckenburg 30,Zuid,amsterdam,1082 BT,52.32565,4.870894,86.0,4.0,3.0,1.0,1963.0,3.0,C,1,0,0,1,2026-05-23 19:40:50.254470+00:00,Log in to view,2026-05-23 19:40:50.254478+00:00,True,63.0,2,0.75,0.25,21.5,28.666666666666668,5.463959824530501,0,672188,76.31,84336,0,0,0,3,95463.30186941533,0.17663234772687825,95463.30186941533
4508,Kamerlingh Onneslaan 62,Apartment for sale: Kamerlingh Onneslaan 62 1097 DH Amsterdam [funda],apartment,https://www.funda.nl/en/detail/koop/amsterdam/appartement-kamerlingh-onneslaan-62/43301243/,450000.0,546425.2722009327,Kamerlingh Onneslaan 62,Oost,amsterdam,1097 DH,52.3504283,4.9249842,75.0,3.0,2.0,1.0,1961.0,2.0,G,1,0,0,1,2026-05-23 19:40:50.067711+00:00,Log in to view,2026-05-23 19:40:50.067738+00:00,True,65.0,2,0.6666666666666666,0.3333333333333333,25.0,37.5,3.3458874385278494,0,553018,75.73,77556,0,0,0,0,96425.27220093273,0.17646561589756596,96425.27220093273
4731,Fritz Conijnstraat 12-1,Apartment for sale: Fritz Conijnstraat 12-1 1063 CC Amsterdam [funda],apartment,https://www.funda.nl/en/detail/koop/amsterdam/appartement-fritz-conijnstraat-12-1/89772169/,325000.0,392871.27472992754,Fritz Conijnstraat 12-1,Nieuw-West,amsterdam,1063 CC,52.3843226,4.8370741,58.0,3.0,2.0,1.0,1955.0,2.0,C,1,1,0,1,2026-05-23 19:40:51.011334+00:00,Log in to view,2026-05-23 19:40:51.011343+00:00,True,71.0,3,0.6666666666666666,0.3333333333333333,19.333333333333332,29.0,3.9608298828633757,0,419951,78.08,75057,0,0,0,3,67871.27472992754,0.1727570303443143,67871.27472992754
4844,Van Walbeeckstraat 32-1,Apartment for sale: Van Walbeeckstraat 32-1 1058 CS Amsterdam [funda],apartment,https://www.funda.nl/en/detail/koop/amsterdam/appartement-van-walbeeckstraat-32-1/43312229/,495000.0,597600.3950267804,Van Walbeeckstraat 32-1,West,amsterdam,1058 CS,52.3607499,4.8512688,61.0,4.0,2.0,1.0,1974.0,1.0,A,1,0,0,1,2026-05-23 19:40:51.301834+00:00,Log in to view,2026-05-23 19:40:51.301841+00:00,True,52.0,2,0.5,0.25,15.25,30.5,3.107137352556675,0,515586,64.19,84063,0,0,0,5,102600.39502678043,0.17168729452091908,102600.39502678043
4633,H.J. Algrastraat 68,House for sale: H.J. Algrastraat 68 1067 WL Amsterdam [funda],house,https://www.funda.nl/en/detail/koop/amsterdam/huis-hj-algrastraat-68/43247973/,475000.0,572855.9237442189,H.J. Algrastraat 68,Nieuw-West,amsterdam,1067 WL,52.3827988,4.7896952,100.0,4.0,3.0,1.0,1974.0,3.0,B,0,1,0,1,2026-05-23 19:40:50.638369+00:00,Log in to view,2026-05-23 19:40:50.638400+00:00,True,52.0,2,0.75,0.25,25.0,33.333333333333336,7.056132289507062,0,419951,78.08,75057,1,0,0,4,97855.92374421889,0.17082117804530503,97855.92374421889
4922,Jacob van Lennepstraat 236-A,Apartment for sale: Jacob van Lennepstraat 236-A 1053 KB Amsterdam [funda],apartment,https://www.funda.nl/en/detail/koop/amsterdam/appartement-jacob-van-lennepstraat-236-a/43387398/,475000.0,572528.302281854,Jacob van Lennepstraat 236-A,West,amsterdam,1053 KB,52.3641261,4.8646324,61.0,3.0,2.0,1.0,1904.0,3.0,C,0,1,0,1,2026-05-23 19:40:51.449205+00:00,Log in to view,2026-05-23 19:40:51.449234+00:00,True,122.0,2,0.6666666666666666,0.3333333333333333,20.333333333333332,30.5,2.1278524992682266,0,515586,64.19,84063,0,0,0,3,97528.30228185398,0.17034669184588377,97528.30228185398
4558,H. Cleyndertweg 699,Apartment for sale: H. Cleyndertweg 699 1025 EA Amsterdam [funda],apartment,https://www.funda.nl/en/detail/koop/amsterdam/appartement-h-cleyndertweg-699/43383703/,275000.0,330769.36350866826,H. Cleyndertweg 699,Noord,amsterdam,1025 EA,52.4040134,4.9391496,48.0,2.0,1.0,1.0,1974.0,2.0,E,1,0,0,1,2026-05-23 19:40:50.331773+00:00,Log in to view,2026-05-23 19:40:50.331784+00:00,True,52.0,2,0.5,0.5,24.0,48.0,4.685881007471852,0,463766,75.37,52528,0,0,0,1,55769.36350866826,0.16860498480599687,55769.36350866826
5103,Appartement (Bouwnr. 523),Apartment for sale: Appartement (Bouwnr. 523) 1025 WL Amsterdam [funda],apartment,https://www.funda.nl/en/detail/koop/amsterdam/appartement-appartement-bouwnr-523/43040082/,420000.0,504402.0046470253,Appartement (Bouwnr. 523),Noord,amsterdam,1025 WL,,,70.0,3.0,2.0,1.0,2020.0,3.0,A++,1,0,0,0,2026-05-23 19:40:51.806679+00:00,Log in to view,2026-05-23 19:40:51.806713+00:00,True,6.0,1,0.6666666666666666,0.3333333333333333,23.333333333333332,35.0,3.1470176740040827,0,463766,75.37,52528,0,0,0,7,84402.00464702531,0.16733082713675743,84402.00464702531
4426,Droogbak 7-3,Apartment for sale: Droogbak 7-3 1013 GE Amsterdam [funda],apartment,https://www.funda.nl/en/detail/koop/amsterdam/appartement-droogbak-7-3/43113818/,450000.0,539724.1405929745,Droogbak 7-3,Centrum,amsterdam,1013 GE,52.3809324,4.8961433,56.0,2.0,1.0,1.0,1770.0,4.0,A+,0,0,0,1,2026-05-23 19:40:49.809352+00:00,Log in to view,2026-05-23 19:40:49.809363+00:00,True,256.0,1,0.5,0.5,28.0,56.0,0.9179130981514193,1,647612,71.4,57168,0,0,0,6,89724.1405929745,0.16624074012031032,89724.1405929745
4367,Spyridon Louisweg 90,House for sale: Spyridon Louisweg 90 1034 WR Amsterdam [funda],house,https://www.funda.nl/en/detail/koop/amsterdam/huis-spyridon-louisweg-90/43236854/,800000.0,959462.4242219717,Spyridon Louisweg 90,Noord,amsterdam,1034 WR,52.4023404,4.9202258,136.0,5.0,3.0,2.0,1974.0,3.0,A,1,1,0,1,2026-05-23 19:40:49.504217+00:00,Log in to view,2026-05-23 19:40:49.504246+00:00,True,52.0,3,0.6,0.4,27.2,45.333333333333336,3.769598303777591,0,463766,75.37,52528,1,0,0,5,159462.42422197165,0.16619975956982347,159462.42422197165
4816,Het Breed 631,Apartment for sale: Het Breed 631 1025 HX Amsterdam [funda],apartment,https://www.funda.nl/en/detail/koop/amsterdam/appartement-het-breed-631/43237951/,465000.0,552539.8619432978,Het Breed 631,Noord,amsterdam,1025 HX,52.3965279,4.9392552,104.0,3.0,2.0,1.0,1971.0,13.0,B,1,0,0,1,2026-05-23 19:40:51.240685+00:00,Log in to view,2026-05-23 19:40:51.240696+00:00,True,55.0,2,0.6666666666666666,0.3333333333333333,34.666666666666664,52.0,4.117857985232199,0,463766,75.37,52528,0,0,0,4,87539.86194329779,0.15843175845344026,87539.86194329779
4267,Memeleiland 6,Apartment for sale: Memeleiland 6 1014 ZL Amsterdam [funda],apartment,https://www.funda.nl/en/detail/koop/amsterdam/appartement-memeleiland-6/89779678/,650000.0,771981.2738623349,Memeleiland 6,Centrum,amsterdam,1014 ZL,52.3922123,4.8807652,78.0,5.0,4.0,1.0,2018.0,1.0,A,1,0,0,1,2026-05-23 19:40:48.975104+00:00,Log in to view,2026-05-23 19:40:48.975113+00:00,True,8.0,2,0.8,0.2,15.6,19.5,2.277588137545701,0,647612,71.4,57168,0,0,0,5,121981.2738623349,0.15801066423806473,121981.2738623349
4817,Marnixkade 18-4,Apartment for sale: Marnixkade 18-4 1015 XN Amsterdam [funda],apartment,https://www.funda.nl/en/detail/koop/amsterdam/appartement-marnixkade-18-4/43216628/,650000.0,771918.7887544618,Marnixkade 18-4,Centrum,amsterdam,1015 XN,52.3801541,4.8795213,84.0,4.0,3.0,1.0,1888.0,4.0,A,0,0,0,1,2026-05-23 19:40:51.242654+00:00,Log in to view,2026-05-23 19:40:51.242664+00:00,True,138.0,1,0.75,0.25,21.0,28.0,1.1819813181763688,1,647612,71.4,57168,0,0,0,5,121918.7887544618,0.15794250707536894,121918.7887544618
4236,Aalsmeerweg 8-3,Apartment for sale: Aalsmeerweg 8-3 1059 AJ Amsterdam [funda],apartment,https://www.funda.nl/en/detail/koop/amsterdam/appartement-aalsmeerweg-8-3/43044700/,400000.0,474868.72022653226,Aalsmeerweg 8-3,Nieuw-West,amsterdam,1059 AJ,52.3507463,4.8492464,52.0,3.0,2.0,1.0,1927.0,4.0,C,1,0,0,1,2026-05-23 19:40:48.892877+00:00,Log in to view,2026-05-23 19:40:48.893040+00:00,True,99.0,2,0.6666666666666666,0.3333333333333333,17.333333333333332,26.0,3.8353259617864386,0,419951,78.08,75057,0,0,0,3,74868.72022653226,0.1576619327354658,74868.72022653226
4825,Vreeswijkpad 169,Apartment for sale: Vreeswijkpad 169 1106 DV Amsterdam [funda],apartment,https://www.funda.nl/en/detail/koop/amsterdam/appartement-vreeswijkpad-169/43144546/,510954.0,606351.0950440387,Vreeswijkpad 169,Zuidoost,amsterdam,1106 DV,52.2966484,4.983234,99.0,4.0,3.0,1.0,2026.0,0.0,A++,0,1,0,1,2026-05-23 19:40:51.262613+00:00,Log in to view,2026-05-23 19:40:51.262621+00:00,True,0.0,2,0.75,0.25,24.75,33.0,10.496135790280764,0,310870,74.96,44947,0,0,0,7,95397.09504403872,0.15732979757727678,95397.09504403872
5088,Utrechtsedwarsstraat 101-1,Apartment for sale: Utrechtsedwarsstraat 101-1 1017 WD Amsterdam [funda],apartment,https://www.funda.nl/en/detail/koop/amsterdam/appartement-utrechtsedwarsstraat-101-1/43392105/,495000.0,587367.5965450708,Utrechtsedwarsstraat 101-1,Centrum,amsterdam,1017 WD,52.3617705,4.9002759,61.0,3.0,2.0,1.0,1822.0,1.0,C,1,0,0,0,2026-05-23 19:40:51.760340+00:00,Log in to view,2026-05-23 19:40:51.760350+00:00,True,204.0,1,0.6666666666666666,0.3333333333333333,20.333333333333332,30.5,1.3583455392679604,1,647612,71.4,57168,0,0,0,3,92367.59654507076,0.1572568815310585,92367.59654507076
5173,Meerluststraat 95,Apartment for sale: Meerluststraat 95 1022 LM Amsterdam [funda],apartment,https://www.funda.nl/en/detail/koop/amsterdam/appartement-meerluststraat-95/43992868/,420000.0,497360.5843444836,Meerluststraat 95,Noord,amsterdam,1022 LM,52.4026436,4.9291888,73.0,3.0,2.0,1.0,1974.0,4.0,A++,1,1,0,1,2026-05-23 19:40:51.960790+00:00,Log in to view,2026-05-23 19:40:51.960798+00:00,True,52.0,3,0.6666666666666666,0.3333333333333333,24.333333333333332,36.5,4.134996546104459,0,463766,75.37,52528,0,0,0,7,77360.58434448362,0.15554224998839447,77360.58434448362
4835,Van Woustraat 22-3,Apartment for sale: Van Woustraat 22-3 1073 LL Amsterdam [funda],apartment,https://www.funda.nl/en/detail/koop/amsterdam/appartement-van-woustraat-22-3/89515073/,745000.0,881006.9839233389,Van Woustraat 22-3,Zuid,amsterdam,1073 LL,52.3567254,4.8995528,103.0,5.0,3.0,1.0,1906.0,3.0,D,0,0,0,1,2026-05-23 19:40:51.286823+00:00,Log in to view,2026-05-23 19:40:51.286832+00:00,True,120.0,1,0.6,0.2,20.6,34.333333333333336,1.8736909036739184,1,672188,76.31,84336,0,0,0,2,136006.98392333894,0.15437673753466366,136006.98392333894
4344,Palmstraat 18-A,Apartment for sale: Palmstraat 18-A 1015 HS Amsterdam [funda],apartment,https://www.funda.nl/en/detail/koop/amsterdam/appartement-palmstraat-18-a/43243605/,550000.0,649919.5188270129,Palmstraat 18-A,Centrum,amsterdam,1015 HS,52.3818473,4.8847804,76.0,3.0,2.0,1.0,1982.0,1.0,B,0,1,0,1,2026-05-23 19:40:49.358418+00:00,Log in to view,2026-05-23 19:40:49.358430+00:00,True,44.0,2,0.6666666666666666,0.3333333333333333,25.333333333333332,38.0,1.1114522000260727,1,647612,71.4,57168,0,0,0,4,99919.51882701286,0.15374137248154895,99919.51882701286
4224,Vrijburg 13,Apartment for sale: Vrijburg 13 1068 PN Amsterdam [funda],apartment,https://www.funda.nl/en/detail/koop/amsterdam/appartement-vrijburg-13/89625318/,350000.0,413461.199668093,Vrijburg 13,Nieuw-West,amsterdam,1068 PN,52.3630433,4.8004885,75.0,4.0,3.0,2.0,1974.0,2.0,C,0,1,0,1,2026-05-23 19:40:48.859260+00:00,Log in to view,2026-05-23 19:40:48.859289+00:00,True,52.0,2,0.75,0.5,18.75,25.0,6.337709786919901,0,419951,78.08,75057,0,0,0,3,63461.199668093,0.15348767845456027,63461.199668093
4417,Grootzeilhof 4,Apartment for sale: Grootzeilhof 4 1034 LX Amsterdam [funda],apartment,https://www.funda.nl/en/detail/koop/amsterdam/appartement-grootzeilhof-4/43365238/,300000.0,354367.31700483774,Grootzeilhof 4,Noord,amsterdam,1034 LX,52.4093403,4.9221508,75.0,3.0,2.0,1.0,1976.0,1.0,C,1,0,0,1,2026-05-23 19:40:49.766261+00:00,Log in to view,2026-05-23 19:40:49.766295+00:00,True,50.0,2,0.6666666666666666,0.3333333333333333,25.0,37.5,4.517108906313947,0,463766,75.37,52528,0,0,0,3,54367.317004837736,0.15342079925529795,54367.317004837736
4972,Bloemstraat 27-2V,Apartment for sale: Bloemstraat 27-2V 1016 KV Amsterdam [funda],apartment,https://www.funda.nl/en/detail/koop/amsterdam/appartement-bloemstraat-27-2v/43217209/,550000.0,649413.2186274386,Bloemstraat 27-2V,Centrum,amsterdam,1016 KV,52.3741857,4.881813,73.0,3.0,1.0,1.0,1845.0,2.0,D,0,0,0,0,2026-05-23 19:40:51.539549+00:00,Log in to view,2026-05-23 19:40:51.539556+00:00,True,181.0,0,0.3333333333333333,0.3333333333333333,24.333333333333332,73.0,0.7306983724880306,1,647612,71.4,57168,0,0,0,2,99413.21862743865,0.1530816062499506,99413.21862743865
5233,Ridderspoorweg 92,Apartment for sale: Ridderspoorweg 92 1032 LL Amsterdam [funda],apartment,https://www.funda.nl/en/detail/koop/amsterdam/appartement-ridderspoorweg-92/89794595/,895000.0,1056575.0286571214,Ridderspoorweg 92,Noord,amsterdam,1032 LL,52.3966204,4.9043611,115.0,4.0,3.0,1.0,2020.0,6.0,A++,1,0,0,1,2026-05-23 19:40:52.112910+00:00,Log in to view,2026-05-23 19:40:52.112922+00:00,True,6.0,2,0.75,0.25,28.75,38.333333333333336,2.74905900806406,0,463766,75.37,52528,0,0,0,7,161575.02865712135,0.15292338383434909,161575.02865712135
4589,Remmerdenplein 58,Apartment for sale: Remmerdenplein 58 1106 AH Amsterdam [funda],apartment,https://www.funda.nl/en/detail/koop/amsterdam/appartement-remmerdenplein-58/43375111/,290000.0,342243.8414611293,Remmerdenplein 58,Zuidoost,amsterdam,1106 AH,52.2980951,4.9743015,72.0,3.0,1.0,1.0,1983.0,0.0,B,1,0,0,1,2026-05-23 19:40:50.477173+00:00,Log in to view,2026-05-23 19:40:50.477184+00:00,True,43.0,2,0.3333333333333333,0.3333333333333333,24.0,72.0,10.016941363187902,0,310870,74.96,44947,0,0,0,4,52243.84146112931,0.15265093226538878,52243.84146112931
5123,Appartementen op het groene erf (Bouwnr. 7),Apartment for sale: Appartementen op het groene erf (Bouwnr. 7) 1035 PP Amsterdam [funda],apartment,https://www.funda.nl/en/detail/koop/amsterdam/appartement-appartementen-op-het-groene-erf-bouwnr-7/89599787/,775000.0,913917.7479172485,Appartementen op het groene erf (Bouwnr. 7),Noord,amsterdam,1035 PP,,,117.0,3.0,2.0,1.0,2020.0,0.0,A++,0,0,0,1,2026-05-23 19:40:51.863192+00:00,Log in to view,2026-05-23 19:40:51.863200+00:00,True,6.0,1,0.6666666666666666,0.3333333333333333,39.0,58.5,3.1470176740040827,0,463766,75.37,52528,0,0,0,7,138917.74791724852,0.15200246218418656,138917.74791724852
4309,Nassaukade 161-A,Apartment for sale: Nassaukade 161-A 1053 LL Amsterdam [funda],apartment,https://www.funda.nl/en/detail/koop/amsterdam/appartement-nassaukade-161-a/43373471/,980000.0,1155151.7912104917,Nassaukade 161-A,West,amsterdam,1053 LL,52.3710494,4.8742188,119.0,5.0,3.0,2.0,1900.0,0.0,B,0,1,0,1,2026-05-23 19:40:49.126515+00:00,Log in to view,2026-05-23 19:40:49.126526+00:00,True,126.0,2,0.6,0.4,23.8,39.666666666666664,1.2531986482947188,1,515586,64.19,84063,0,0,0,4,175151.79121049168,0.1516266455570734,175151.79121049168
5017,Special - Bouwnummer 5 (Bouwnr. 5),Apartment for sale: Special - Bouwnummer 5 (Bouwnr. 5) 1019 AK Amsterdam [funda],apartment,https://www.funda.nl/en/detail/koop/amsterdam/appartement-special-bouwnummer-5-bouwnr-5/43143745/,958807.0,1129981.2686679517,Special - Bouwnummer 5 (Bouwnr. 5),Oost,amsterdam,1019 AK,,,128.0,4.0,3.0,2.0,1974.0,0.0,A+,1,1,0,1,2026-05-23 19:40:51.617888+00:00,Log in to view,2026-05-23 19:40:51.617897+00:00,True,52.0,3,0.75,0.5,32.0,42.666666666666664,3.1470176740040827,0,553018,75.73,77556,0,0,0,6,171174.2686679517,0.15148416475056786,171174.2686679517
4985,Vierkamer hoekappartement (Bouwnr. 12),Apartment for sale: Vierkamer hoekappartement (Bouwnr. 12) 1087 VA Amsterdam [funda],apartment,https://www.funda.nl/en/detail/koop/amsterdam/appartement-vierkamer-hoekappartement-bouwnr-12/43732552/,680000.0,800922.8037497641,Vierkamer hoekappartement (Bouwnr. 12),Zuid,amsterdam,1087 VA,,,103.0,4.0,3.0,1.0,2026.0,3.0,A++,1,0,0,0,2026-05-23 19:40:51.560009+00:00,Log in to view,2026-05-23 19:40:51.560017+00:00,True,0.0,1,0.75,0.25,25.75,34.333333333333336,3.1470176740040827,0,672188,76.31,84336,0,0,0,7,120922.8037497641,0.15097934930011628,120922.8037497641
4466,Stadionkade 105-H,Apartment for sale: Stadionkade 105-H 1076 BN Amsterdam [funda],apartment,https://www.funda.nl/en/detail/koop/amsterdam/appartement-stadionkade-105-h/43365526/,575000.0,676389.5350450433,Stadionkade 105-H,Zuid,amsterdam,1076 BN,52.3435891,4.8646094,75.0,3.0,2.0,1.0,1931.0,0.0,G,1,1,0,1,2026-05-23 19:40:49.937362+00:00,Log in to view,2026-05-23 19:40:49.937372+00:00,True,95.0,3,0.6666666666666666,0.3333333333333333,25.0,37.5,3.7758181027753217,0,672188,76.31,84336,0,0,0,0,101389.53504504333,0.14989814270011056,101389.53504504333
5200,De Oosterlingen (bouwnummer 7.14),Apartment for sale: De Oosterlingen (bouwnummer 7.14) 1018 CA Amsterdam [funda],apartment,https://www.funda.nl/en/detail/koop/amsterdam/appartement-de-oosterlingen-bouwnummer-714/42103313/,415000.0,485364.12015827885,De Oosterlingen (bouwnummer 7.14),Centrum,amsterdam,1018 CA,,,49.0,2.0,1.0,1.0,2020.0,3.0,A++,0,1,0,0,2026-05-23 19:40:52.033531+00:00,Log in to view,2026-05-23 19:40:52.033541+00:00,True,6.0,1,0.5,0.5,24.5,49.0,3.1470176740040827,0,647612,71.4,57168,0,0,0,7,70364.12015827885,0.1449718206103345,70364.12015827885
4305,Eerste Jan van der Heijdenstraat 42-3A,Apartment for sale: Eerste Jan van der Heijdenstraat 42-3A 1072 TV Amsterdam [funda],apartment,https://www.funda.nl/en/detail/koop/amsterdam/appartement-eerste-jan-van-der-heijdenstraat-42-3a/89742850/,400000.0,467290.283438755,Eerste Jan van der Heijdenstraat 42-3A,Zuid,amsterdam,1072 TV,52.352975,4.8882926,42.0,2.0,1.0,1.0,1896.0,3.0,A,1,0,0,1,2026-05-23 19:40:49.114487+00:00,Log in to view,2026-05-23 19:40:49.114527+00:00,True,130.0,2,0.5,0.5,21.0,42.0,2.2440771323406477,0,672188,76.31,84336,0,0,0,5,67290.28343875502,0.14400103281320287,67290.28343875502
4562,Cabralstraat 24-1,Apartment for sale: Cabralstraat 24-1 1057 CH Amsterdam [funda],apartment,https://www.funda.nl/en/detail/koop/amsterdam/appartement-cabralstraat-24-1/89745242/,350000.0,408604.07436861884,Cabralstraat 24-1,West,amsterdam,1057 CH,52.3694846,4.85294,49.0,4.0,3.0,1.0,1926.0,1.0,D,1,0,0,1,2026-05-23 19:40:50.358135+00:00,Log in to view,2026-05-23 19:40:50.358147+00:00,True,100.0,2,0.75,0.25,12.25,16.333333333333332,2.707278617845979,0,515586,64.19,84063,0,0,0,2,58604.074368618836,0.14342508566311957,58604.074368618836
4271,Van Ostadestraat 144-4A,Apartment for sale: Van Ostadestraat 144-4A 1072 TE Amsterdam [funda],apartment,https://www.funda.nl/en/detail/koop/amsterdam/appartement-van-ostadestraat-144-4a/89764250/,400000.0,466640.64842136996,Van Ostadestraat 144-4A,Zuid,amsterdam,1072 TE,52.3521572,4.8926703,38.0,2.0,1.0,1.0,1902.0,4.0,A+,1,0,0,1,2026-05-23 19:40:48.982051+00:00,Log in to view,2026-05-23 19:40:48.982061+00:00,True,124.0,2,0.5,0.5,19.0,38.0,2.317686292339632,0,672188,76.31,84336,0,0,0,6,66640.64842136996,0.14280935157880714,66640.64842136996
4759,Amstel 204-B,Apartment for sale: Amstel 204-B 1017 AH Amsterdam [funda],apartment,https://www.funda.nl/en/detail/koop/amsterdam/appartement-amstel-204-b/43372188/,425000.0,495300.56469034776,Amstel 204-B,Centrum,amsterdam,1017 AH,52.3660882,4.9001535,55.0,2.0,1.0,1.0,1974.0,0.0,D,0,1,0,1,2026-05-23 19:40:51.076982+00:00,Log in to view,2026-05-23 19:40:51.076993+00:00,True,52.0,2,0.5,0.5,27.5,55.0,0.9315452373474713,1,647612,71.4,57168,0,0,0,2,70300.56469034776,0.14193515958193648,70300.56469034776
4500,Tweede van Swindenstraat 190-H,Apartment for sale: Tweede van Swindenstraat 190-H 1093 XA Amsterdam [funda],apartment,https://www.funda.nl/en/detail/koop/amsterdam/appartement-tweede-van-swindenstraat-190-h/43310151/,595000.0,693168.1715155554,Tweede van Swindenstraat 190-H,Oost,amsterdam,1093 XA,52.3623705,4.9291177,77.0,3.0,2.0,1.0,1893.0,0.0,C,0,1,0,1,2026-05-23 19:40:50.031136+00:00,Log in to view,2026-05-23 19:40:50.031162+00:00,True,133.0,2,0.6666666666666666,0.3333333333333333,25.666666666666668,38.5,2.7589377538014648,0,553018,75.73,77556,0,0,0,3,98168.17151555535,0.1416224453885681,98168.17151555535
4464,Jonas Daniël Meijerplein 25-D,Apartment for sale: Jonas Daniël Meijerplein 25-D 1011 RG Amsterdam [funda],apartment,https://www.funda.nl/en/detail/koop/amsterdam/appartement-jonas-daniel-meijerplein-25-d/89778223/,499500.0,581027.7638932075,Jonas Daniël Meijerplein 25-D,Centrum,amsterdam,1011 RG,52.367124,4.9059878,58.0,4.0,2.0,1.0,1790.0,4.0,A,1,0,1,0,2026-05-23 19:40:49.933168+00:00,Log in to view,2026-05-23 19:40:49.933177+00:00,True,236.0,2,0.5,0.25,14.5,29.0,1.1304404285089737,1,647612,71.4,57168,0,0,0,5,81527.76389320754,0.14031646843676868,81527.76389320754
4353,Van Speijkstraat 12-1,Apartment for sale: Van Speijkstraat 12-1 1057 HA Amsterdam [funda],apartment,https://www.funda.nl/en/detail/koop/amsterdam/appartement-van-speijkstraat-12-1/43249974/,535000.0,622306.0495857714,Van Speijkstraat 12-1,West,amsterdam,1057 HA,52.366806,4.8609155,73.0,3.0,2.0,1.0,1923.0,2.0,C,1,0,0,1,2026-05-23 19:40:49.415009+00:00,Log in to view,2026-05-23 19:40:49.415040+00:00,True,103.0,2,0.6666666666666666,0.3333333333333333,24.333333333333332,36.5,2.245745727074237,0,515586,64.19,84063,0,0,0,3,87306.0495857714,0.14029439315893738,87306.0495857714
4320,Jan van Riebeekstraat 1-2,Apartment for sale: Jan van Riebeekstraat 1-2 1057 ZW Amsterdam [funda],apartment,https://www.funda.nl/en/detail/koop/amsterdam/appartement-jan-van-riebeekstraat-1-2/43364212/,395000.0,459369.90572637547,Jan van Riebeekstraat 1-2,West,amsterdam,1057 ZW,52.3706703,4.858814,54.0,3.0,2.0,1.0,1974.0,2.0,D,0,0,0,1,2026-05-23 19:40:49.199033+00:00,Log in to view,2026-05-23 19:40:49.199050+00:00,True,52.0,1,0.6666666666666666,0.3333333333333333,18.0,27.0,2.294766640018313,0,515586,64.19,84063,0,0,0,2,64369.905726375466,0.14012651879010446,64369.905726375466
4704,James Bradleystraat 17,House for sale: James Bradleystraat 17 1086 ZM Amsterdam [funda],house,https://www.funda.nl/en/detail/koop/amsterdam/huis-james-bradleystraat-17/43123246/,475000.0,551705.3676851547,James Bradleystraat 17,Zuid,amsterdam,1086 ZM,52.3600857,4.9801254,70.0,3.0,2.0,1.0,2006.0,3.0,A,1,1,0,1,2026-05-23 19:40:50.941331+00:00,Log in to view,2026-05-23 19:40:50.941347+00:00,True,20.0,3,0.6666666666666666,0.3333333333333333,23.333333333333332,35.0,6.126905262804661,0,672188,76.31,84336,1,0,0,5,76705.36768515466,0.1390332089879695,76705.36768515466
5068,betaalbare koopappartementen (Bouwnr. 02.11 - M1),Apartment for sale: betaalbare koopappartementen (Bouwnr. 02.11 - M1) 1096 BN Amsterdam [funda],apartment,https://www.funda.nl/en/detail/koop/amsterdam/appartement-betaalbare-koopappartementen-bouwnr-0211-m1/43174288/,356499.0,413268.6341654616,betaalbare koopappartementen (Bouwnr. 02.11 - M1),Oost,amsterdam,1096 BN,,,47.0,2.0,1.0,1.0,2026.0,3.0,A,1,1,0,1,2026-05-23 19:40:51.721404+00:00,Log in to view,2026-05-23 19:40:51.721415+00:00,True,0.0,3,0.5,0.5,23.5,47.0,3.1470176740040827,0,553018,75.73,77556,0,0,0,5,56769.63416546158,0.1373673912613764,56769.63416546158
5075,betaalbare koopappartementen (Bouwnr. 02.19 - M1),Apartment for sale: betaalbare koopappartementen (Bouwnr. 02.19 - M1) 1096 BN Amsterdam [funda],apartment,https://www.funda.nl/en/detail/koop/amsterdam/appartement-betaalbare-koopappartementen-bouwnr-0219-m1/43174285/,356499.0,413268.6341654616,betaalbare koopappartementen (Bouwnr. 02.19 - M1),Oost,amsterdam,1096 BN,,,47.0,2.0,1.0,1.0,2026.0,3.0,A,1,1,0,1,2026-05-23 19:40:51.737291+00:00,Log in to view,2026-05-23 19:40:51.737299+00:00,True,0.0,3,0.5,0.5,23.5,47.0,3.1470176740040827,0,553018,75.73,77556,0,0,0,5,56769.63416546158,0.1373673912613764,56769.63416546158
4328,Narva-eiland 94,Apartment for sale: Narva-eiland 94 1014 ZJ Amsterdam [funda],apartment,https://www.funda.nl/en/detail/koop/amsterdam/appartement-narva-eiland-94/89733031/,815000.0,944280.4854482237,Narva-eiland 94,Centrum,amsterdam,1014 ZJ,52.3925904,4.8806355,101.0,5.0,4.0,1.0,2018.0,3.0,A+,1,0,0,1,2026-05-23 19:40:49.256355+00:00,Log in to view,2026-05-23 19:40:49.256367+00:00,True,8.0,2,0.8,0.2,20.2,25.25,2.320082597283642,0,647612,71.4,57168,0,0,0,6,129280.48544822366,0.13690898778540128,129280.48544822366
4916,Rietwijkerstraat 60-2,Apartment for sale: Rietwijkerstraat 60-2 1059 XB Amsterdam [funda],apartment,https://www.funda.nl/en/detail/koop/amsterdam/appartement-rietwijkerstraat-60-2/43310301/,350000.0,405426.90750833566,Rietwijkerstraat 60-2,Nieuw-West,amsterdam,1059 XB,52.3497121,4.8471163,46.0,2.0,1.0,1.0,1933.0,3.0,C,1,0,0,1,2026-05-23 19:40:51.414368+00:00,Log in to view,2026-05-23 19:40:51.414375+00:00,True,93.0,2,0.5,0.5,23.0,46.0,4.02006200285622,0,419951,78.08,75057,0,0,0,3,55426.90750833566,0.13671245416091696,55426.90750833566
4552,Camperstraat 3-2,Apartment for sale: Camperstraat 3-2 1091 AD Amsterdam [funda],apartment,https://www.funda.nl/en/detail/koop/amsterdam/appartement-camperstraat-3-2/43388889/,500000.0,578954.6583048642,Camperstraat 3-2,Oost,amsterdam,1091 AD,52.3590984,4.9128714,61.0,3.0,2.0,1.0,1903.0,2.0,A++,1,0,0,1,2026-05-23 19:40:50.297610+00:00,Log in to view,2026-05-23 19:40:50.297621+00:00,True,123.0,2,0.6666666666666666,0.3333333333333333,20.333333333333332,30.5,2.07880345641167,0,553018,75.73,77556,0,0,0,7,78954.65830486419,0.13637451080545324,78954.65830486419
4316,Bestevâerstraat 188-2,Apartment for sale: Bestevâerstraat 188-2 1055 TS Amsterdam [funda],apartment,https://www.funda.nl/en/detail/koop/amsterdam/appartement-bestevaerstraat-188-2/43375737/,400000.0,462947.6113772668,Bestevâerstraat 188-2,West,amsterdam,1055 TS,52.3788201,4.8583352,48.0,3.0,2.0,1.0,1974.0,2.0,C,0,1,0,1,2026-05-23 19:40:49.148396+00:00,Log in to view,2026-05-23 19:40:49.148407+00:00,True,52.0,2,0.6666666666666666,0.3333333333333333,16.0,24.0,2.4012431254485067,0,515586,64.19,84063,0,0,0,3,62947.61137726682,0.1359713493066699,62947.61137726682
4234,IJburglaan 1445,Apartment for sale: IJburglaan 1445 1087 KH Amsterdam [funda],apartment,https://www.funda.nl/en/detail/koop/amsterdam/appartement-ijburglaan-1445/89513340/,725000.0,839022.915477873,IJburglaan 1445,Zuid,amsterdam,1087 KH,52.3528195,5.00033,139.0,4.0,3.0,1.0,2004.0,5.0,A+,1,0,0,1,2026-05-23 19:40:48.883521+00:00,Log in to view,2026-05-23 19:40:48.883533+00:00,True,22.0,2,0.75,0.25,34.75,46.333333333333336,7.664514552070339,0,672188,76.31,84336,0,0,0,6,114022.91547787294,0.13589964394825876,114022.91547787294
5115,Appartementen op het groene erf (Bouwnr. 9),Apartment for sale: Appartementen op het groene erf (Bouwnr. 9) 1035 PP Amsterdam [funda],apartment,https://www.funda.nl/en/detail/koop/amsterdam/appartement-appartementen-op-het-groene-erf-bouwnr-9/89599793/,790000.0,913917.7479172485,Appartementen op het groene erf (Bouwnr. 9),Noord,amsterdam,1035 PP,,,117.0,3.0,2.0,1.0,2020.0,0.0,A++,0,0,0,1,2026-05-23 19:40:51.843691+00:00,Log in to view,2026-05-23 19:40:51.843700+00:00,True,6.0,1,0.6666666666666666,0.3333333333333333,39.0,58.5,3.1470176740040827,0,463766,75.37,52528,0,0,0,7,123917.74791724852,0.13558960661355793,123917.74791724852
5127,Appartementen op het groene erf (Bouwnr. 5),Apartment for sale: Appartementen op het groene erf (Bouwnr. 5) 1035 PP Amsterdam [funda],apartment,https://www.funda.nl/en/detail/koop/amsterdam/appartement-appartementen-op-het-groene-erf-bouwnr-5/89599792/,790000.0,913917.7479172485,Appartementen op het groene erf (Bouwnr. 5),Noord,amsterdam,1035 PP,,,117.0,3.0,2.0,1.0,2020.0,0.0,A++,0,0,0,1,2026-05-23 19:40:51.872260+00:00,Log in to view,2026-05-23 19:40:51.872284+00:00,True,6.0,1,0.6666666666666666,0.3333333333333333,39.0,58.5,3.1470176740040827,0,463766,75.37,52528,0,0,0,7,123917.74791724852,0.13558960661355793,123917.74791724852
4223,Adelaarsweg 25,Apartment for sale: Adelaarsweg 25 1021 BP Amsterdam [funda],apartment,https://www.funda.nl/en/detail/koop/amsterdam/appartement-adelaarsweg-25/89677354/,795000.0,919475.1798283077,Adelaarsweg 25,Noord,amsterdam,1021 BP,52.3848882,4.912649,122.0,4.0,3.0,1.0,1927.0,1.0,A++,0,1,0,1,2026-05-23 19:40:48.855543+00:00,Log in to view,2026-05-23 19:40:48.855554+00:00,True,99.0,2,0.75,0.25,30.5,40.666666666666664,1.9069745166900545,1,463766,75.37,52528,0,0,0,7,124475.17982830771,0.13537633484739717,124475.17982830771
4622,Welnastraat 649,Apartment for sale: Welnastraat 649 1096 GJ Amsterdam [funda],apartment,https://www.funda.nl/en/detail/koop/amsterdam/appartement-welnastraat-649/89604651/,270000.0,311969.6536139981,Welnastraat 649,Oost,amsterdam,1096 GJ,52.3386806,4.9207079,29.0,2.0,1.0,1.0,2011.0,7.0,A,1,1,0,1,2026-05-23 19:40:50.603280+00:00,Log in to view,2026-05-23 19:40:50.603291+00:00,True,15.0,3,0.5,0.5,14.5,29.0,4.273037311643634,0,553018,75.73,77556,0,0,0,5,41969.65361399809,0.13453120560863074,41969.65361399809
4469,Singel 73-A,House for sale: Singel 73-A 1012 VE Amsterdam [funda],house,https://www.funda.nl/en/detail/koop/amsterdam/huis-singel-73-a/43366986/,799000.0,922860.0812812198,Singel 73-A,Centrum,amsterdam,1012 VE,52.3764488,4.8919201,95.0,5.0,4.0,1.0,1730.0,3.0,D,0,0,0,1,2026-05-23 19:40:49.945846+00:00,Log in to view,2026-05-23 19:40:49.945874+00:00,True,296.0,1,0.8,0.2,19.0,23.75,0.3848703080475419,1,647612,71.4,57168,1,0,0,2,123860.08128121984,0.134213283024728,123860.08128121984
4299,Reitzstraat 3-E,Apartment for sale: Reitzstraat 3-E 1091 VZ Amsterdam [funda],apartment,https://www.funda.nl/en/detail/koop/amsterdam/appartement-reitzstraat-3-e/43380974/,500000.0,576720.3327141205,Reitzstraat 3-E,Oost,amsterdam,1091 VZ,52.3545682,4.9172793,74.0,4.0,3.0,1.0,1990.0,4.0,A,1,0,0,1,2026-05-23 19:40:49.087089+00:00,Log in to view,2026-05-23 19:40:49.087101+00:00,True,36.0,2,0.75,0.25,18.5,24.666666666666668,2.656003191374411,0,553018,75.73,77556,0,0,0,5,76720.33271412051,0.13302865940769715,76720.33271412051
4408,Nieuwegrachtje 26,Apartment for sale: Nieuwegrachtje 26 1011 VP Amsterdam [funda],apartment,https://www.funda.nl/en/detail/koop/amsterdam/appartement-nieuwegrachtje-26/89726678/,400000.0,461020.63138252526,Nieuwegrachtje 26,Centrum,amsterdam,1011 VP,52.3706137,4.9088717,52.0,2.0,1.0,1.0,1981.0,1.0,B,0,1,0,1,2026-05-23 19:40:49.719471+00:00,Log in to view,2026-05-23 19:40:49.719484+00:00,True,45.0,2,0.5,0.5,26.0,52.0,1.1492876238386824,1,647612,71.4,57168,0,0,0,4,61020.63138252526,0.13235987118306267,61020.63138252526
4984,Katrijpstraat 119,Apartment for sale: Katrijpstraat 119 1024 SP Amsterdam [funda],apartment,https://www.funda.nl/en/detail/koop/amsterdam/appartement-katrijpstraat-119/43910204/,427840.0,492841.0869064038,Katrijpstraat 119,Noord,amsterdam,1024 SP,52.393482,4.9529632,58.0,2.0,1.0,1.0,2024.0,1.0,A++,1,1,0,1,2026-05-23 19:40:51.558241+00:00,Log in to view,2026-05-23 19:40:51.558252+00:00,True,2.0,3,0.5,0.5,29.0,58.0,4.699252311615555,0,463766,75.37,52528,0,0,0,7,65001.08690640383,0.1318905599255532,65001.08690640383
4944,Boulevardpad 34,Apartment for sale: Boulevardpad 34 1018 HP Amsterdam [funda],apartment,https://www.funda.nl/en/detail/koop/amsterdam/appartement-boulevardpad-34/43352121/,525000.0,604477.8233413819,Boulevardpad 34,Centrum,amsterdam,1018 HP,52.3688464,4.9232355,74.0,3.0,2.0,1.0,1984.0,3.0,B,1,1,0,1,2026-05-23 19:40:51.496024+00:00,Log in to view,2026-05-23 19:40:51.496031+00:00,True,42.0,3,0.6666666666666666,0.3333333333333333,24.666666666666668,37.0,2.1437577439356676,0,647612,71.4,57168,0,0,0,4,79477.82334138185,0.1314817852242304,79477.82334138185
4276,Van Oldenbarneveldtstraat 64-3,Apartment for sale: Van Oldenbarneveldtstraat 64-3 1052 KD Amsterdam [funda],apartment,https://www.funda.nl/en/detail/koop/amsterdam/appartement-van-oldenbarneveldtstraat-64-3/43301517/,375000.0,430163.3058227565,Van Oldenbarneveldtstraat 64-3,West,amsterdam,1052 KD,52.3748902,4.8741387,46.0,2.0,1.0,1.0,1886.0,4.0,B,0,0,0,1,2026-05-23 19:40:48.992859+00:00,Log in to view,2026-05-23 19:40:48.992868+00:00,True,140.0,1,0.5,0.5,23.0,46.0,1.2573615767630928,1,515586,64.19,84063,0,0,0,4,55163.30582275649,0.12823805535260102,55163.30582275649
4892,Eendrachtstraat 2-H,Apartment for sale: Eendrachtstraat 2-H 1078 XX Amsterdam [funda],apartment,https://www.funda.nl/en/detail/koop/amsterdam/appartement-eendrachtstraat-2-h/43111844/,599000.0,686964.911338269,Eendrachtstraat 2-H,Zuid,amsterdam,1078 XX,52.3457885,4.8890185,76.0,2.0,1.0,1.0,1929.0,0.0,B,0,0,0,1,2026-05-23 19:40:51.379823+00:00,Log in to view,2026-05-23 19:40:51.379830+00:00,True,97.0,1,0.5,0.5,38.0,76.0,3.034481609819372,0,672188,76.31,84336,0,0,0,4,87964.91133826901,0.12804862357075197,87964.91133826901
4887,Gouden Leeuw 1019,Apartment for sale: Gouden Leeuw 1019 1103 KX Amsterdam [funda],apartment,https://www.funda.nl/en/detail/koop/amsterdam/appartement-gouden-leeuw-1019/43225751/,385000.0,441417.6373772158,Gouden Leeuw 1019,Zuidoost,amsterdam,1103 KX,52.3254737,4.9748245,108.0,4.0,3.0,1.0,1974.0,4.0,A,1,0,0,1,2026-05-23 19:40:51.371407+00:00,Log in to view,2026-05-23 19:40:51.371414+00:00,True,52.0,2,0.75,0.25,27.0,36.0,7.698788975498699,0,310870,74.96,44947,0,0,0,5,56417.63737721578,0.12781011133228415,56417.63737721578
4512,Niasstraat 34-E,Apartment for sale: Niasstraat 34-E 1095 VC Amsterdam [funda],apartment,https://www.funda.nl/en/detail/koop/amsterdam/appartement-niasstraat-34-e/43303937/,325000.0,372493.88434717455,Niasstraat 34-E,Oost,amsterdam,1095 VC,52.3649309,4.9428626,39.0,2.0,1.0,1.0,1974.0,5.0,D,1,0,0,1,2026-05-23 19:40:50.100429+00:00,Log in to view,2026-05-23 19:40:50.100441+00:00,True,52.0,2,0.5,0.5,19.5,39.0,3.5415856033632576,0,553018,75.73,77556,0,0,0,2,47493.88434717455,0.12750245398098656,47493.88434717455
4765,Victorieplein 39-1,Apartment for sale: Victorieplein 39-1 1078 PD Amsterdam [funda],apartment,https://www.funda.nl/en/detail/koop/amsterdam/appartement-victorieplein-39-1/89728336/,750000.0,858927.9908508495,Victorieplein 39-1,Zuid,amsterdam,1078 PD,52.3456199,4.9025516,102.0,4.0,3.0,1.0,1974.0,1.0,C,1,0,0,1,2026-05-23 19:40:51.097251+00:00,Log in to view,2026-05-23 19:40:51.097330+00:00,True,52.0,2,0.75,0.25,25.5,34.0,3.1215995887362,0,672188,76.31,84336,0,0,0,3,108927.99085084954,0.12681853660741227,108927.99085084954
4727,Jan Olphert Vaillantlaan 49-C,Apartment for sale: Jan Olphert Vaillantlaan 49-C 1086 XZ Amsterdam [funda],apartment,https://www.funda.nl/en/detail/koop/amsterdam/appartement-jan-olphert-vaillantlaan-49-c/43315653/,395000.0,452262.1690426371,Jan Olphert Vaillantlaan 49-C,Zuid,amsterdam,1086 XZ,52.3622728,4.9784024,57.0,2.0,1.0,1.0,2006.0,2.0,A+,1,1,0,1,2026-05-23 19:40:51.001609+00:00,Log in to view,2026-05-23 19:40:51.001620+00:00,True,20.0,3,0.5,0.5,28.5,57.0,5.959703250103213,0,672188,76.31,84336,0,0,0,6,57262.169042637106,0.12661277675258906,57262.169042637106
4484,Oudezijds Achterburgwal 14-D,Apartment for sale: Oudezijds Achterburgwal 14-D 1012 DM Amsterdam [funda],apartment,https://www.funda.nl/en/detail/koop/amsterdam/appartement-oudezijds-achterburgwal-14-d/89738735/,925000.0,1058078.179495037,Oudezijds Achterburgwal 14-D,Centrum,amsterdam,1012 DM,52.3747909,4.9002584,117.0,3.0,2.0,1.0,1783.0,3.0,D,1,0,0,1,2026-05-23 19:40:49.986767+00:00,Log in to view,2026-05-23 19:40:49.986779+00:00,True,243.0,2,0.6666666666666666,0.3333333333333333,39.0,58.5,0.5694254913719169,1,647612,71.4,57168,0,0,0,2,133078.17949503707,0.1257734844872692,133078.17949503707
4832,Amerbos 177,Apartment for sale: Amerbos 177 1025 ZB Amsterdam [funda],apartment,https://www.funda.nl/en/detail/koop/amsterdam/appartement-amerbos-177/43142917/,295000.0,337438.7176786641,Amerbos 177,Noord,amsterdam,1025 ZB,52.4031139,4.9437582,57.0,2.0,1.0,1.0,1969.0,3.0,C,1,1,0,1,2026-05-23 19:40:51.279392+00:00,Log in to view,2026-05-23 19:40:51.279401+00:00,True,57.0,3,0.5,0.5,28.5,57.0,4.8332338060263975,0,463766,75.37,52528,0,0,0,3,42438.71767866408,0.1257671851369397,42438.71767866408
4538,Oogststraat 7-1,Apartment for sale: Oogststraat 7-1 1097 ZR Amsterdam [funda],apartment,https://www.funda.nl/en/detail/koop/amsterdam/appartement-oogststraat-7-1/43398335/,375000.0,428813.5179205687,Oogststraat 7-1,Oost,amsterdam,1097 ZR,52.3389445,4.9444873,58.0,3.0,2.0,1.0,1974.0,2.0,E,1,0,0,1,2026-05-23 19:40:50.234788+00:00,Log in to view,2026-05-23 19:40:50.234816+00:00,True,52.0,2,0.6666666666666666,0.3333333333333333,19.333333333333332,29.0,5.181985497998521,0,553018,75.73,77556,0,0,0,1,53813.5179205687,0.12549398671367643,53813.5179205687
4786,Kramatweg 92-1,Apartment for sale: Kramatweg 92-1 1095 KD Amsterdam [funda],apartment,https://www.funda.nl/en/detail/koop/amsterdam/appartement-kramatweg-92-1/43366923/,400000.0,457380.90318920766,Kramatweg 92-1,Oost,amsterdam,1095 KD,52.3588801,4.9446994,52.0,3.0,2.0,1.0,1926.0,2.0,B,1,0,0,1,2026-05-23 19:40:51.160405+00:00,Log in to view,2026-05-23 19:40:51.160415+00:00,True,100.0,2,0.6666666666666666,0.3333333333333333,17.333333333333332,26.0,3.8826082438396154,0,553018,75.73,77556,0,0,0,4,57380.90318920766,0.12545539787320448,57380.90318920766
4686,Jelle Posthumapad 66,House for sale: Jelle Posthumapad 66 1106 ZR Amsterdam [funda],house,https://www.funda.nl/en/detail/koop/amsterdam/huis-jelle-posthumapad-66/43138270/,450000.0,514234.82988757343,Jelle Posthumapad 66,Zuidoost,amsterdam,1106 ZR,52.2995335,4.9982869,102.0,5.0,4.0,1.0,1986.0,3.0,C,0,1,0,1,2026-05-23 19:40:50.866502+00:00,Log in to view,2026-05-23 19:40:50.866511+00:00,True,40.0,2,0.8,0.2,20.4,25.5,10.885391704887901,0,310870,74.96,44947,1,0,0,3,64234.82988757343,0.12491341728372818,64234.82988757343
4227,Admiraal De Ruijterweg 167-C,Apartment for sale: Admiraal De Ruijterweg 167-C 1056 GC Amsterdam [funda],apartment,https://www.funda.nl/en/detail/koop/amsterdam/appartement-admiraal-de-ruijterweg-167-c/89621062/,600000.0,685303.0673868691,Admiraal De Ruijterweg 167-C,West,amsterdam,1056 GC,52.3749191,4.858264,78.0,3.0,2.0,1.0,1912.0,2.0,C,1,0,0,0,2026-05-23 19:40:48.865694+00:00,Log in to view,2026-05-23 19:40:48.865702+00:00,True,114.0,1,0.6666666666666666,0.3333333333333333,26.0,39.0,2.327129674177763,0,515586,64.19,84063,0,0,0,3,85303.06738686911,0.12447495341314968,85303.06738686911
4802,Wittgensteinlaan 129,Apartment for sale: Wittgensteinlaan 129 1062 KC Amsterdam [funda],apartment,https://www.funda.nl/en/detail/koop/amsterdam/appartement-wittgensteinlaan-129/43247020/,550000.0,627536.1371601705,Wittgensteinlaan 129,Nieuw-West,amsterdam,1062 KC,52.3536668,4.8354579,92.0,3.0,2.0,1.0,1992.0,9.0,A,1,0,0,1,2026-05-23 19:40:51.200764+00:00,Log in to view,2026-05-23 19:40:51.200773+00:00,True,34.0,2,0.6666666666666666,0.3333333333333333,30.666666666666668,46.0,4.4238972976348645,0,419951,78.08,75057,0,0,0,5,77536.13716017047,0.12355644969076957,77536.13716017047
4519,Jacob Burggraafstraat 14,Apartment for sale: Jacob Burggraafstraat 14 1018 WA Amsterdam [funda],apartment,https://www.funda.nl/en/detail/koop/amsterdam/appartement-jacob-burggraafstraat-14/89771417/,525000.0,598366.7596310886,Jacob Burggraafstraat 14,Centrum,amsterdam,1018 WA,52.3724716,4.9218031,71.0,4.0,3.0,2.0,1990.0,4.0,A,1,0,0,1,2026-05-23 19:40:50.138404+00:00,Log in to view,2026-05-23 19:40:50.138415+00:00,True,36.0,2,0.75,0.5,17.75,23.666666666666668,1.9969516365150002,1,647612,71.4,57168,0,0,0,5,73366.75963108859,0.12261168998812942,73366.75963108859
4231,Eerste Tuindwarsstraat 8-H,Apartment for sale: Eerste Tuindwarsstraat 8-H 1015 RV Amsterdam [funda],apartment,https://www.funda.nl/en/detail/koop/amsterdam/appartement-eerste-tuindwarsstraat-8-h/43201325/,985000.0,1121040.5600851134,Eerste Tuindwarsstraat 8-H,Centrum,amsterdam,1015 RV,52.3776002,4.8836388,123.0,5.0,3.0,1.0,1876.0,3.0,A,1,1,0,1,2026-05-23 19:40:48.872907+00:00,Log in to view,2026-05-23 19:40:48.872917+00:00,True,150.0,3,0.6,0.2,24.6,41.0,0.7844509782788196,1,647612,71.4,57168,0,0,0,5,136040.5600851134,0.12135204106690368,136040.5600851134
5095,Johan Kernstraat 13,House for sale: Johan Kernstraat 13 1065 VC Amsterdam [funda],house,https://www.funda.nl/en/detail/koop/amsterdam/huis-johan-kernstraat-13/43351071/,450000.0,510582.0703239667,Johan Kernstraat 13,Nieuw-West,amsterdam,1065 VC,52.3609495,4.82835,73.0,4.0,3.0,1.0,1956.0,3.0,A,0,1,0,1,2026-05-23 19:40:51.772596+00:00,Log in to view,2026-05-23 19:40:51.772605+00:00,True,70.0,2,0.75,0.25,18.25,24.333333333333332,4.550483781336481,0,419951,78.08,75057,1,0,0,5,60582.07032396668,0.11865295286520162,60582.07032396668
4228,J.H. Hisgenpad 1076,Apartment for sale: J.H. Hisgenpad 1076 1025 WK Amsterdam [funda],apartment,https://www.funda.nl/en/detail/koop/amsterdam/appartement-jh-hisgenpad-1076/89636468/,535000.0,606492.9903458633,J.H. Hisgenpad 1076,Noord,amsterdam,1025 WK,52.4011359,4.9271917,87.0,3.0,2.0,1.0,2023.0,2.0,A++,1,0,0,1,2026-05-23 19:40:48.867379+00:00,Log in to view,2026-05-23 19:40:48.867387+00:00,True,3.0,2,0.6666666666666666,0.3333333333333333,29.0,43.5,3.91955479329169,0,463766,75.37,52528,0,0,0,7,71492.99034586328,0.11787933493690197,71492.99034586328
4738,Ruysdaelkade 183-1,Apartment for sale: Ruysdaelkade 183-1 1072 AT Amsterdam [funda],apartment,https://www.funda.nl/en/detail/koop/amsterdam/appartement-ruysdaelkade-183-1/89751834/,395000.0,447780.08784776716,Ruysdaelkade 183-1,Zuid,amsterdam,1072 AT,52.3524665,4.8869331,45.0,2.0,1.0,1.0,1896.0,1.0,D,0,0,0,1,2026-05-23 19:40:51.024685+00:00,Log in to view,2026-05-23 19:40:51.024695+00:00,True,130.0,1,0.5,0.5,22.5,45.0,2.313201033801242,0,672188,76.31,84336,0,0,0,2,52780.087847767165,0.11787055583791599,52780.087847767165
4405,Kramatweg 90-1,Apartment for sale: Kramatweg 90-1 1095 KD Amsterdam [funda],apartment,https://www.funda.nl/en/detail/koop/amsterdam/appartement-kramatweg-90-1/43365082/,400000.0,453236.12725493754,Kramatweg 90-1,Oost,amsterdam,1095 KD,52.3589791,4.9447278,53.0,3.0,2.0,1.0,1926.0,2.0,C,1,0,0,1,2026-05-23 19:40:49.701056+00:00,Log in to view,2026-05-23 19:40:49.701069+00:00,True,100.0,2,0.6666666666666666,0.3333333333333333,17.666666666666668,26.5,3.8799317846227326,0,553018,75.73,77556,0,0,0,3,53236.12725493754,0.1174578195638697,53236.12725493754
4347,Spaarndammerstraat 85-A,Apartment for sale: Spaarndammerstraat 85-A 1013 TB Amsterdam [funda],apartment,https://www.funda.nl/en/detail/koop/amsterdam/appartement-spaarndammerstraat-85-a/43249276/,500000.0,566492.7659419489,Spaarndammerstraat 85-A,Centrum,amsterdam,1013 TB,52.3899196,4.8787835,65.0,3.0,2.0,1.0,1911.0,1.0,C,1,0,0,1,2026-05-23 19:40:49.373073+00:00,Log in to view,2026-05-23 19:40:49.373085+00:00,True,115.0,2,0.6666666666666666,0.3333333333333333,21.666666666666668,32.5,2.0961185330862167,0,647612,71.4,57168,0,0,0,3,66492.76594194886,0.11737619602500393,66492.76594194886
5037,Ardennenlaan 166,Apartment for sale: Ardennenlaan 166 1066 SE Amsterdam [funda],apartment,https://www.funda.nl/en/detail/koop/amsterdam/appartement-ardennenlaan-166/89503628/,495000.0,560809.8766333659,Ardennenlaan 166,Nieuw-West,amsterdam,1066 SE,52.3461471,4.8115411,98.0,3.0,2.0,1.0,1900.0,10.0,A,1,0,0,1,2026-05-23 19:40:51.659910+00:00,Log in to view,2026-05-23 19:40:51.659919+00:00,True,126.0,2,0.6666666666666666,0.3333333333333333,32.666666666666664,49.0,6.250249591504905,0,419951,78.08,75057,0,0,0,5,65809.87663336587,0.11734792730191096,65809.87663336587
4574,Van Ostadestraat 350-2,Apartment for sale: Van Ostadestraat 350-2 1073 TZ Amsterdam [funda],apartment,https://www.funda.nl/en/detail/koop/amsterdam/appartement-van-ostadestraat-350-2/89732526/,450000.0,509382.45535594376,Van Ostadestraat 350-2,Zuid,amsterdam,1073 TZ,52.3536965,4.901759,48.0,2.0,1.0,1.0,1902.0,2.0,A,0,0,0,1,2026-05-23 19:40:50.410008+00:00,Log in to view,2026-05-23 19:40:50.410039+00:00,True,124.0,1,0.5,0.5,24.0,48.0,2.2385485054292134,0,672188,76.31,84336,0,0,0,5,59382.45535594376,0.11657734720063882,59382.45535594376
4742,Ceintuurbaan 37-3,Apartment for sale: Ceintuurbaan 37-3 1072 ET Amsterdam [funda],apartment,https://www.funda.nl/en/detail/koop/amsterdam/appartement-ceintuurbaan-37-3/43384540/,425000.0,480783.4576226324,Ceintuurbaan 37-3,Zuid,amsterdam,1072 ET,52.3525895,4.8883408,46.0,2.0,1.0,1.0,1899.0,3.0,A,1,0,0,1,2026-05-23 19:40:51.032532+00:00,Log in to view,2026-05-23 19:40:51.032541+00:00,True,127.0,2,0.5,0.5,23.0,46.0,2.2862198955273643,0,672188,76.31,84336,0,0,0,5,55783.457622632384,0.11602615842581027,55783.457622632384
4370,Houtrijkstraat 220,Apartment for sale: Houtrijkstraat 220 1013 DV Amsterdam [funda],apartment,https://www.funda.nl/en/detail/koop/amsterdam/appartement-houtrijkstraat-220/89448672/,350000.0,395747.67256507254,Houtrijkstraat 220,Centrum,amsterdam,1013 DV,52.3909746,4.8773909,37.0,3.0,1.0,1.0,1974.0,2.0,E,1,0,1,1,2026-05-23 19:40:49.526259+00:00,Log in to view,2026-05-23 19:40:49.526284+00:00,True,52.0,3,0.3333333333333333,0.3333333333333333,12.333333333333334,37.0,2.243324873398003,0,647612,71.4,57168,0,0,0,1,45747.67256507254,0.11559808366921041,45747.67256507254
4689,Ceintuurbaan 57-3,Apartment for sale: Ceintuurbaan 57-3 1072 EV Amsterdam [funda],apartment,https://www.funda.nl/en/detail/koop/amsterdam/appartement-ceintuurbaan-57-3/43074710/,900000.0,1017345.5688928784,Ceintuurbaan 57-3,Zuid,amsterdam,1072 EV,52.3527195,4.8893377,124.0,5.0,4.0,1.0,1894.0,3.0,B,1,0,0,1,2026-05-23 19:40:50.878084+00:00,Log in to view,2026-05-23 19:40:50.878094+00:00,True,132.0,2,0.8,0.2,24.8,31.0,2.2646551099333654,0,672188,76.31,84336,0,0,0,4,117345.56889287836,0.11534484690445856,117345.56889287836
4264,Koxhorn 22-3,Apartment for sale: Koxhorn 22-3 1082 EW Amsterdam [funda],apartment,https://www.funda.nl/en/detail/koop/amsterdam/appartement-koxhorn-22-3/43319106/,425000.0,480278.83694119734,Koxhorn 22-3,Zuid,amsterdam,1082 EW,52.3255509,4.8729191,79.0,3.0,2.0,1.0,1962.0,4.0,F,1,0,0,1,2026-05-23 19:40:48.969846+00:00,Log in to view,2026-05-23 19:40:48.969856+00:00,True,64.0,2,0.6666666666666666,0.3333333333333333,26.333333333333332,39.5,5.439493008227277,0,672188,76.31,84336,0,0,0,0,55278.83694119734,0.11509738237324284,55278.83694119734
5151,Oranje Zwartstraat 73,Apartment for sale: Oranje Zwartstraat 73 1022 LV Amsterdam [funda],apartment,https://www.funda.nl/en/detail/koop/amsterdam/appartement-oranje-zwartstraat-73/43992854/,545000.0,615872.6048325864,Oranje Zwartstraat 73,Noord,amsterdam,1022 LV,,,95.0,5.0,3.0,1.0,1974.0,0.0,A++,1,1,0,1,2026-05-23 19:40:51.915977+00:00,Log in to view,2026-05-23 19:40:51.915986+00:00,True,52.0,3,0.6,0.2,19.0,31.666666666666668,3.1470176740040827,0,463766,75.37,52528,0,0,0,7,70872.60483258637,0.11507672898009773,70872.60483258637
4288,Blauwvoetstraat 47,Apartment for sale: Blauwvoetstraat 47 1061 BM Amsterdam [funda],apartment,https://www.funda.nl/en/detail/koop/amsterdam/appartement-blauwvoetstraat-47/43395214/,825000.0,932229.8649312573,Blauwvoetstraat 47,Nieuw-West,amsterdam,1061 BM,52.376532,4.8389054,135.0,4.0,3.0,1.0,2009.0,1.0,A+,1,1,0,1,2026-05-23 19:40:49.032051+00:00,Log in to view,2026-05-23 19:40:49.032062+00:00,True,17.0,3,0.75,0.25,33.75,45.0,3.6525946305929042,0,419951,78.08,75057,0,0,0,6,107229.86493125733,0.1150251337841064,107229.86493125733
5109,Maisonnette (Bouwnr. 460),Apartment for sale: Maisonnette (Bouwnr. 460) 1025 WL Amsterdam [funda],apartment,https://www.funda.nl/en/detail/koop/amsterdam/appartement-maisonnette-bouwnr-460/43040002/,500000.0,564452.578125376,Maisonnette (Bouwnr. 460),Noord,amsterdam,1025 WL,,,92.0,4.0,2.0,1.0,2020.0,3.0,A++,0,0,0,0,2026-05-23 19:40:51.826643+00:00,Log in to view,2026-05-23 19:40:51.826653+00:00,True,6.0,0,0.5,0.25,23.0,46.0,3.1470176740040827,0,463766,75.37,52528,0,0,0,7,64452.57812537602,0.11418599298355908,64452.57812537602
5012,Johannes Worpstraat 21-2,Apartment for sale: Johannes Worpstraat 21-2 1076 BD Amsterdam [funda],apartment,https://www.funda.nl/en/detail/koop/amsterdam/appartement-johannes-worpstraat-21-2/89712015/,375000.0,422955.8523209685,Johannes Worpstraat 21-2,Zuid,amsterdam,1076 BD,52.3419725,4.8669478,46.0,2.0,1.0,1.0,1957.0,2.0,C,0,0,0,1,2026-05-23 19:40:51.608578+00:00,Log in to view,2026-05-23 19:40:51.608586+00:00,True,69.0,1,0.5,0.5,23.0,46.0,3.858859773045305,0,672188,76.31,84336,0,0,0,3,47955.85232096852,0.11338264279312127,47955.85232096852
4548,Ceintuurbaan 37-2,Apartment for sale: Ceintuurbaan 37-2 1072 ET Amsterdam [funda],apartment,https://www.funda.nl/en/detail/koop/amsterdam/appartement-ceintuurbaan-37-2/43384532/,425000.0,479113.91961178393,Ceintuurbaan 37-2,Zuid,amsterdam,1072 ET,52.3525893,4.8883408,46.0,2.0,1.0,1.0,1899.0,2.0,A,1,0,0,1,2026-05-23 19:40:50.278545+00:00,Log in to view,2026-05-23 19:40:50.278556+00:00,True,127.0,2,0.5,0.5,23.0,46.0,2.2862419723776943,0,672188,76.31,84336,0,0,0,5,54113.91961178393,0.11294583061922166,54113.91961178393
4677,Doggersbankstraat 24-1,Apartment for sale: Doggersbankstraat 24-1 1055 PA Amsterdam [funda],apartment,https://www.funda.nl/en/detail/koop/amsterdam/appartement-doggersbankstraat-24-1/43116972/,375000.0,422336.9610553991,Doggersbankstraat 24-1,West,amsterdam,1055 PA,52.3844577,4.8508501,48.0,3.0,2.0,1.0,1936.0,2.0,E,1,0,1,1,2026-05-23 19:40:50.835956+00:00,Log in to view,2026-05-23 19:40:50.835967+00:00,True,90.0,3,0.6666666666666666,0.3333333333333333,16.0,24.0,3.0947280907856944,0,515586,64.19,84063,0,0,0,1,47336.96105539909,0.11208339648300347,47336.96105539909
4532,Bentinckstraat 19-1,Apartment for sale: Bentinckstraat 19-1 1051 GD Amsterdam [funda],apartment,https://www.funda.nl/en/detail/koop/amsterdam/appartement-bentinckstraat-19-1/89763085/,375000.0,421401.43149069935,Bentinckstraat 19-1,West,amsterdam,1051 GD,52.3838619,4.8746228,45.0,2.0,1.0,1.0,1899.0,2.0,C,1,0,0,1,2026-05-23 19:40:50.201194+00:00,Log in to view,2026-05-23 19:40:50.201206+00:00,True,127.0,2,0.5,0.5,22.5,45.0,1.7072901384642032,1,515586,64.19,84063,0,0,0,3,46401.43149069935,0.1101121828811905,46401.43149069935
4778,Baarsstraat 35-1,Apartment for sale: Baarsstraat 35-1 1075 RV Amsterdam [funda],apartment,https://www.funda.nl/en/detail/koop/amsterdam/appartement-baarsstraat-35-1/43354133/,400000.0,449164.0369415133,Baarsstraat 35-1,Zuid,amsterdam,1075 RV,52.3496657,4.854749,48.0,2.0,1.0,1.0,1915.0,1.0,D,1,0,0,1,2026-05-23 19:40:51.138382+00:00,Log in to view,2026-05-23 19:40:51.138392+00:00,True,111.0,2,0.5,0.5,24.0,48.0,3.6426375979059697,0,672188,76.31,84336,0,0,0,2,49164.0369415133,0.10945675276294453,49164.0369415133
4534,Hertspieghelweg 36-H,Apartment for sale: Hertspieghelweg 36-H 1055 KN Amsterdam [funda],apartment,https://www.funda.nl/en/detail/koop/amsterdam/appartement-hertspieghelweg-36-h/43390098/,700000.0,785960.1220552116,Hertspieghelweg 36-H,West,amsterdam,1055 KN,52.3808619,4.8527741,99.0,4.0,3.0,2.0,1950.0,0.0,C,0,1,1,1,2026-05-23 19:40:50.213206+00:00,Log in to view,2026-05-23 19:40:50.213233+00:00,True,76.0,3,0.75,0.5,24.75,33.0,2.8283205932169007,0,515586,64.19,84063,0,0,0,3,85960.12205521157,0.10936957186890597,85960.12205521157
4609,Krammerstraat 11-H,Apartment for sale: Krammerstraat 11-H 1078 KE Amsterdam [funda],apartment,https://www.funda.nl/en/detail/koop/amsterdam/appartement-krammerstraat-11-h/43353169/,599000.0,672407.0652245297,Krammerstraat 11-H,Zuid,amsterdam,1078 KE,52.345783,4.8876396,72.0,3.0,2.0,1.0,1928.0,0.0,C,0,1,0,1,2026-05-23 19:40:50.569079+00:00,Log in to view,2026-05-23 19:40:50.569090+00:00,True,98.0,2,0.6666666666666666,0.3333333333333333,24.0,36.0,3.04360835606087,0,672188,76.31,84336,0,0,0,3,73407.06522452971,0.10917057392907921,73407.06522452971
4513,Bloedstraat 17-B,Apartment for sale: Bloedstraat 17-B 1012 BS Amsterdam [funda],apartment,https://www.funda.nl/en/detail/koop/amsterdam/appartement-bloedstraat-17-b/43303359/,400000.0,448946.0831186862,Bloedstraat 17-B,Centrum,amsterdam,1012 BS,52.3729067,4.8994716,44.0,2.0,1.0,1.0,2006.0,2.0,A,1,1,0,1,2026-05-23 19:40:50.105338+00:00,Log in to view,2026-05-23 19:40:50.105351+00:00,True,20.0,3,0.5,0.5,22.0,44.0,0.48017915281942114,1,647612,71.4,57168,0,0,0,5,48946.08311868622,0.10902441286194833,48946.08311868622
5183,De Oosterlingen (bouwnummer 2.03),Apartment for sale: De Oosterlingen (bouwnummer 2.03) 1018 CA Amsterdam [funda],apartment,https://www.funda.nl/en/detail/koop/amsterdam/appartement-de-oosterlingen-bouwnummer-203/42287750/,365000.0,409194.36078996595,De Oosterlingen (bouwnummer 2.03),Centrum,amsterdam,1018 CA,,,39.0,1.0,1.0,1.0,2020.0,3.0,A++,0,1,0,0,2026-05-23 19:40:51.988561+00:00,Log in to view,2026-05-23 19:40:51.988571+00:00,True,6.0,1,1.0,1.0,39.0,39.0,3.1470176740040827,0,647612,71.4,57168,0,0,0,7,44194.360789965955,0.10800334761370364,44194.360789965955
4363,Kinkerstraat 67-5,Apartment for sale: Kinkerstraat 67-5 1053 DG Amsterdam [funda],apartment,https://www.funda.nl/en/detail/koop/amsterdam/appartement-kinkerstraat-67-5/43224395/,450000.0,504458.6446393912,Kinkerstraat 67-5,West,amsterdam,1053 DG,52.3670331,4.8718964,51.0,3.0,2.0,1.0,1906.0,6.0,C,0,0,0,1,2026-05-23 19:40:49.478731+00:00,Log in to view,2026-05-23 19:40:49.478760+00:00,True,120.0,1,0.6666666666666666,0.3333333333333333,17.0,25.5,1.5420496854412313,1,515586,64.19,84063,0,0,0,3,54458.64463939122,0.1079546266440148,54458.64463939122
4779,Stadhouderskade 118-H,Apartment for sale: Stadhouderskade 118-H 1073 AZ Amsterdam [funda],apartment,https://www.funda.nl/en/detail/koop/amsterdam/appartement-stadhouderskade-118-h/43354339/,950000.0,1064181.1285191947,Stadhouderskade 118-H,Zuid,amsterdam,1073 AZ,52.3575399,4.8987668,119.0,4.0,3.0,2.0,1878.0,3.0,B,1,1,0,1,2026-05-23 19:40:51.142724+00:00,Log in to view,2026-05-23 19:40:51.142751+00:00,True,148.0,3,0.75,0.5,29.75,39.666666666666664,1.7726059269836678,1,672188,76.31,84336,0,0,0,4,114181.12851919467,0.10729482553226387,114181.12851919467
4664,Spuistraat 36-C,Apartment for sale: Spuistraat 36-C 1012 TT Amsterdam [funda],apartment,https://www.funda.nl/en/detail/koop/amsterdam/appartement-spuistraat-36-c/43285022/,599000.0,670818.2316434174,Spuistraat 36-C,Centrum,amsterdam,1012 TT,52.376479,4.8926981,81.0,3.0,2.0,1.0,1725.0,2.0,C,0,0,0,1,2026-05-23 19:40:50.766894+00:00,Log in to view,2026-05-23 19:40:50.766907+00:00,True,301.0,1,0.6666666666666666,0.3333333333333333,27.0,40.5,0.38737607113109707,1,647612,71.4,57168,0,0,0,3,71818.23164341738,0.10706064363735622,71818.23164341738
4971,betaalbare koopappartementen (Bouwnr. 10.01 - M1),Apartment for sale: betaalbare koopappartementen (Bouwnr. 10.01 - M1) 1096 BN Amsterdam [funda],apartment,https://www.funda.nl/en/detail/koop/amsterdam/appartement-betaalbare-koopappartementen-bouwnr-1001-m1/43174152/,357531.0,400260.8483914536,betaalbare koopappartementen (Bouwnr. 10.01 - M1),Oost,amsterdam,1096 BN,,,46.0,1.0,1.0,1.0,2026.0,11.0,A,1,1,0,1,2026-05-23 19:40:51.537998+00:00,Log in to view,2026-05-23 19:40:51.538005+00:00,True,0.0,3,1.0,1.0,46.0,46.0,3.1470176740040827,0,553018,75.73,77556,0,0,0,5,42729.84839145362,0.1067550038010812,42729.84839145362
4606,Willem Parelstraat 272,Apartment for sale: Willem Parelstraat 272 1018 KZ Amsterdam [funda],apartment,https://www.funda.nl/en/detail/koop/amsterdam/appartement-willem-parelstraat-272/43350980/,415000.0,463584.221578426,Willem Parelstraat 272,Centrum,amsterdam,1018 KZ,52.3700905,4.9267491,44.0,2.0,1.0,1.0,2022.0,5.0,A++,1,0,0,1,2026-05-23 19:40:50.552949+00:00,Log in to view,2026-05-23 19:40:50.552959+00:00,True,4.0,2,0.5,0.5,22.0,44.0,2.3542539611223035,0,647612,71.4,57168,0,0,0,7,48584.22157842602,0.104801283816358,48584.22157842602
4767,Lutmastraat 41-3,Apartment for sale: Lutmastraat 41-3 1072 JN Amsterdam [funda],apartment,https://www.funda.nl/en/detail/koop/amsterdam/appartement-lutmastraat-41-3/43378054/,615000.0,686780.3524182952,Lutmastraat 41-3,Zuid,amsterdam,1072 JN,52.3506089,4.8939404,75.0,3.0,2.0,1.0,1922.0,4.0,C,1,1,0,1,2026-05-23 19:40:51.103863+00:00,Log in to view,2026-05-23 19:40:51.103874+00:00,True,104.0,3,0.6666666666666666,0.3333333333333333,25.0,37.5,2.491972926369867,0,672188,76.31,84336,0,0,0,3,71780.35241829522,0.10451718976167824,71780.35241829522
4906,Oudeschans 10-C,House for sale: Oudeschans 10-C 1011 KZ Amsterdam [funda],house,https://www.funda.nl/en/detail/koop/amsterdam/huis-oudeschans-10-c/43386870/,895000.0,999048.7774389547,Oudeschans 10-C,Centrum,amsterdam,1011 KZ,52.3721793,4.9049193,105.0,4.0,2.0,1.0,1782.0,3.0,D,1,1,0,0,2026-05-23 19:40:51.400549+00:00,Log in to view,2026-05-23 19:40:51.400556+00:00,True,244.0,2,0.5,0.25,26.25,52.5,0.8547853767310082,1,647612,71.4,57168,1,0,0,2,104048.77743895468,0.10414784521901126,104048.77743895468
4483,Droogbak 7-2,Apartment for sale: Droogbak 7-2 1013 GE Amsterdam [funda],apartment,https://www.funda.nl/en/detail/koop/amsterdam/appartement-droogbak-7-2/43113856/,595000.0,663558.571920596,Droogbak 7-2,Centrum,amsterdam,1013 GE,52.3798898,4.8937909,67.0,3.0,2.0,1.0,1770.0,3.0,A+,0,0,0,1,2026-05-23 19:40:49.983674+00:00,Log in to view,2026-05-23 19:40:49.983682+00:00,True,256.0,1,0.6666666666666666,0.3333333333333333,22.333333333333332,33.5,0.771906830996913,1,647612,71.4,57168,0,0,0,6,68558.57192059595,0.10331954829874451,68558.57192059595
4596,Uiterwaardenstraat 222-1,Apartment for sale: Uiterwaardenstraat 222-1 1079 CW Amsterdam [funda],apartment,https://www.funda.nl/en/detail/koop/amsterdam/appartement-uiterwaardenstraat-222-1/43366075/,525000.0,585196.2239628109,Uiterwaardenstraat 222-1,Zuid,amsterdam,1079 CW,52.3429831,4.9017146,68.0,4.0,2.0,1.0,1933.0,2.0,E,1,1,0,1,2026-05-23 19:40:50.506800+00:00,Log in to view,2026-05-23 19:40:50.506809+00:00,True,93.0,3,0.5,0.25,17.0,34.0,3.397137345049686,0,672188,76.31,84336,0,0,0,1,60196.22396281094,0.1028650245812871,60196.22396281094
4317,Van Hogendorpstraat 72-A,Apartment for sale: Van Hogendorpstraat 72-A 1051 BS Amsterdam [funda],apartment,https://www.funda.nl/en/detail/koop/amsterdam/appartement-van-hogendorpstraat-72-a/43373560/,395000.0,440210.2964717216,Van Hogendorpstraat 72-A,West,amsterdam,1051 BS,52.3835845,4.8749051,45.0,2.0,1.0,1.0,1899.0,0.0,A,0,1,0,1,2026-05-23 19:40:49.156547+00:00,Log in to view,2026-05-23 19:40:49.158901+00:00,True,127.0,2,0.5,0.5,22.5,45.0,1.6719487110403761,1,515586,64.19,84063,0,0,0,5,45210.29647172161,0.10270158793213471,45210.29647172161
4550,Tip Maruggstraat 12,Apartment for sale: Tip Maruggstraat 12 1087 VR Amsterdam [funda],apartment,https://www.funda.nl/en/detail/koop/amsterdam/appartement-tip-maruggstraat-12/89754646/,635000.0,707565.7825352844,Tip Maruggstraat 12,Zuid,amsterdam,1087 VR,52.3505227,5.0132553,104.0,4.0,3.0,1.0,2022.0,2.0,A++,1,1,1,1,2026-05-23 19:40:50.287757+00:00,Log in to view,2026-05-23 19:40:50.287768+00:00,True,4.0,4,0.75,0.25,26.0,34.666666666666664,8.578697192089512,0,672188,76.31,84336,0,0,0,7,72565.78253528441,0.10255694145535613,72565.78253528441
4419,Oudezijds Voorburgwal 171-A,Apartment for sale: Oudezijds Voorburgwal 171-A 1012 EV Amsterdam [funda],apartment,https://www.funda.nl/en/detail/koop/amsterdam/appartement-oudezijds-voorburgwal-171-a/89610022/,399500.0,444887.4608632079,Oudezijds Voorburgwal 171-A,Centrum,amsterdam,1012 EV,52.3719466,4.896405,45.0,2.0,1.0,1.0,1769.0,1.0,B,0,0,1,1,2026-05-23 19:40:49.774549+00:00,Log in to view,2026-05-23 19:40:49.774561+00:00,True,257.0,2,0.5,0.5,22.5,45.0,0.2960466995863142,1,647612,71.4,57168,0,0,0,4,45387.460863207874,0.10202009464403274,45387.460863207874
5166,De Oosterlingen (bouwnummer 7.71),Apartment for sale: De Oosterlingen (bouwnummer 7.71) 1018 CA Amsterdam [funda],apartment,https://www.funda.nl/en/detail/koop/amsterdam/appartement-de-oosterlingen-bouwnummer-771/42103329/,845000.0,940307.1161771762,De Oosterlingen (bouwnummer 7.71),Centrum,amsterdam,1018 CA,,,94.0,4.0,3.0,1.0,2020.0,3.0,A++,1,0,0,1,2026-05-23 19:40:51.947879+00:00,Log in to view,2026-05-23 19:40:51.947886+00:00,True,6.0,2,0.75,0.25,23.5,31.333333333333332,3.1470176740040827,0,647612,71.4,57168,0,0,0,7,95307.11617717624,0.10135743369107728,95307.11617717624
4352,Kostverlorenstraat 14-1,Apartment for sale: Kostverlorenstraat 14-1 1052 GW Amsterdam [funda],apartment,https://www.funda.nl/en/detail/koop/amsterdam/appartement-kostverlorenstraat-14-1/89601336/,439000.0,488431.9296588321,Kostverlorenstraat 14-1,West,amsterdam,1052 GW,52.3789255,4.8741218,58.0,3.0,2.0,1.0,1922.0,1.0,D,0,1,0,1,2026-05-23 19:40:49.407242+00:00,Log in to view,2026-05-23 19:40:49.407842+00:00,True,104.0,2,0.6666666666666666,0.3333333333333333,19.333333333333332,29.0,1.404854960996459,1,515586,64.19,84063,0,0,0,2,49431.92965883209,0.10120536078253546,49431.92965883209
4805,Barentszstraat 226,Apartment for sale: Barentszstraat 226 1013 NT Amsterdam [funda],apartment,https://www.funda.nl/en/detail/koop/amsterdam/appartement-barentszstraat-226/43230286/,450000.0,500483.2452841861,Barentszstraat 226,Centrum,amsterdam,1013 NT,52.3888829,4.8865076,53.0,3.0,2.0,1.0,1883.0,2.0,C,0,0,0,1,2026-05-23 19:40:51.206762+00:00,Log in to view,2026-05-23 19:40:51.206770+00:00,True,143.0,1,0.6666666666666666,0.3333333333333333,17.666666666666668,26.5,1.8108164002726974,1,647612,71.4,57168,0,0,0,3,50483.245284186094,0.10086900162965601,50483.245284186094
4747,Magalhaensstraat 26-H,Apartment for sale: Magalhaensstraat 26-H 1057 RV Amsterdam [funda],apartment,https://www.funda.nl/en/detail/koop/amsterdam/appartement-magalhaensstraat-26-h/43380357/,390000.0,433747.46159719443,Magalhaensstraat 26-H,West,amsterdam,1057 RV,52.36699,4.8537626,51.0,2.0,1.0,1.0,1929.0,0.0,D,0,0,0,0,2026-05-23 19:40:51.045474+00:00,Log in to view,2026-05-23 19:40:51.045501+00:00,True,97.0,0,0.5,0.5,25.5,51.0,2.706927255844435,0,515586,64.19,84063,0,0,0,2,43747.46159719443,0.10085929133994821,43747.46159719443
4361,Hooivletstraat 78,House for sale: Hooivletstraat 78 1086 VH Amsterdam [funda],house,https://www.funda.nl/en/detail/koop/amsterdam/huis-hooivletstraat-78/89676510/,850000.0,944570.4518427055,Hooivletstraat 78,Zuid,amsterdam,1086 VH,52.363326,4.9883082,156.0,6.0,5.0,2.0,2019.0,3.0,A,1,1,0,1,2026-05-23 19:40:49.464889+00:00,Log in to view,2026-05-23 19:40:49.464919+00:00,True,7.0,3,0.8333333333333334,0.3333333333333333,26.0,31.2,6.599843271004576,0,672188,76.31,84336,1,0,0,5,94570.45184270549,0.10012006161976982,94570.45184270549
5235,Dijkgraafplein 399,Apartment for sale: Dijkgraafplein 399 1069 EV Amsterdam [funda],apartment,https://www.funda.nl/en/detail/koop/amsterdam/appartement-dijkgraafplein-399/43335037/,385000.0,427828.58592593524,Dijkgraafplein 399,Nieuw-West,amsterdam,1069 EV,52.3556329,4.7852905,100.0,4.0,3.0,1.0,1972.0,13.0,B,1,1,0,1,2026-05-23 19:40:52.121387+00:00,Log in to view,2026-05-23 19:40:52.121397+00:00,True,54.0,3,0.75,0.25,25.0,33.333333333333336,7.524744844858013,0,419951,78.08,75057,0,0,0,4,42828.585925935244,0.10010688237029032,42828.585925935244
